queue_rank,event_id,cluster_id,candidate_class,evidence_confidence,candidate_evidence_summary,validation_action_required,latitude,longitude
1,FIRMS_0006,4,Persistent Industrial Heat,High,"Multi-date recurrence (21 dates over 81d span in cluster), inside/adjacent to industrial zone (dist 176m, NDBI 0.08).",Confirm industrial facility boundary and continuous operations via satellite basemap.,22.97956,72.56829
2,FIRMS_0012,4,Persistent Industrial Heat,High,"Multi-date recurrence (21 dates over 81d span in cluster), inside/adjacent to industrial zone (dist 497m, NDBI 0.15).",Confirm industrial facility boundary and continuous operations via satellite basemap.,22.983,72.56574
3,FIRMS_0013,4,Persistent Industrial Heat,High,"Multi-date recurrence (21 dates over 81d span in cluster), inside/adjacent to industrial zone (dist 239m, NDBI 0.06).",Confirm industrial facility boundary and continuous operations via satellite basemap.,22.98615,72.56622
4,FIRMS_0014,4,Persistent Industrial Heat,High,"Multi-date recurrence (21 dates over 81d span in cluster), inside/adjacent to industrial zone (dist 645m, NDBI -0.26).",Confirm industrial facility boundary and continuous operations via satellite basemap.,22.97836,72.562
5,FIRMS_0015,4,Persistent Industrial Heat,High,"Multi-date recurrence (21 dates over 81d span in cluster), inside/adjacent to industrial zone (dist 325m, NDBI 0.13).",Confirm industrial facility boundary and continuous operations via satellite basemap.,22.97905,72.56561
6,FIRMS_0021,4,Persistent Industrial Heat,High,"Multi-date recurrence (21 dates over 81d span in cluster), inside/adjacent to industrial zone (dist 488m, NDBI 0.20).",Confirm industrial facility boundary and continuous operations via satellite basemap.,22.97734,72.56386
7,FIRMS_0022,4,Persistent Industrial Heat,High,"Multi-date recurrence (21 dates over 81d span in cluster), inside/adjacent to industrial zone (dist 496m, NDBI 0.14).",Confirm industrial facility boundary and continuous operations via satellite basemap.,22.98167,72.5658
8,FIRMS_0052,4,Persistent Industrial Heat,High,"Multi-date recurrence (21 dates over 81d span in cluster), inside/adjacent to industrial zone (dist 313m, NDBI 0.15).",Confirm industrial facility boundary and continuous operations via satellite basemap.,22.97839,72.56555
9,FIRMS_0063,4,Persistent Industrial Heat,High,"Multi-date recurrence (21 dates over 81d span in cluster), inside/adjacent to industrial zone (dist 516m, NDBI 0.14).",Confirm industrial facility boundary and continuous operations via satellite basemap.,22.98062,72.56441
10,FIRMS_0094,4,Persistent Industrial Heat,High,"Multi-date recurrence (21 dates over 81d span in cluster), inside/adjacent to industrial zone (dist 684m, NDBI -0.06).",Confirm industrial facility boundary and continuous operations via satellite basemap.,22.98144,72.56304
11,FIRMS_0098,4,Persistent Industrial Heat,High,"Multi-date recurrence (21 dates over 81d span in cluster), inside/adjacent to industrial zone (dist 582m, NDBI 0.15).",Confirm industrial facility boundary and continuous operations via satellite basemap.,22.97749,72.56292
12,FIRMS_0119,4,Persistent Industrial Heat,High,"Multi-date recurrence (21 dates over 81d span in cluster), inside/adjacent to industrial zone (dist 398m, NDBI 0.11).",Confirm industrial facility boundary and continuous operations via satellite basemap.,22.97871,72.56477
13,FIRMS_0121,4,Persistent Industrial Heat,High,"Multi-date recurrence (21 dates over 81d span in cluster), inside/adjacent to industrial zone (dist 150m, NDBI 0.13).",Confirm industrial facility boundary and continuous operations via satellite basemap.,22.97903,72.56763
14,FIRMS_0131,4,Persistent Industrial Heat,High,"Multi-date recurrence (21 dates over 81d span in cluster), inside/adjacent to industrial zone (dist 525m, NDBI 0.15).",Confirm industrial facility boundary and continuous operations via satellite basemap.,22.97618,72.56326
15,FIRMS_0136,4,Persistent Industrial Heat,High,"Multi-date recurrence (21 dates over 81d span in cluster), inside/adjacent to industrial zone (dist 351m, NDBI 0.15).",Confirm industrial facility boundary and continuous operations via satellite basemap.,22.97655,72.56552
16,FIRMS_0137,4,Persistent Industrial Heat,High,"Multi-date recurrence (21 dates over 81d span in cluster), inside/adjacent to industrial zone (dist 362m, NDBI 0.18).",Confirm industrial facility boundary and continuous operations via satellite basemap.,22.9806,72.56644
17,FIRMS_0145,4,Persistent Industrial Heat,High,"Multi-date recurrence (21 dates over 81d span in cluster), inside/adjacent to industrial zone (dist 443m, NDBI 0.18).",Confirm industrial facility boundary and continuous operations via satellite basemap.,22.98177,72.56716
18,FIRMS_0150,4,Persistent Industrial Heat,High,"Multi-date recurrence (21 dates over 81d span in cluster), inside/adjacent to industrial zone (dist 447m, NDBI 0.15).",Confirm industrial facility boundary and continuous operations via satellite basemap.,22.9789,72.56432
19,FIRMS_0157,4,Persistent Industrial Heat,High,"Multi-date recurrence (21 dates over 81d span in cluster), inside/adjacent to industrial zone (dist 227m, NDBI 0.11).",Confirm industrial facility boundary and continuous operations via satellite basemap.,22.97745,72.56644
20,FIRMS_0160,4,Persistent Industrial Heat,High,"Multi-date recurrence (21 dates over 81d span in cluster), inside/adjacent to industrial zone (dist 177m, NDBI 0.21).",Confirm industrial facility boundary and continuous operations via satellite basemap.,22.97958,72.56837
21,FIRMS_0164,4,Persistent Industrial Heat,High,"Multi-date recurrence (21 dates over 81d span in cluster), inside/adjacent to industrial zone (dist 371m, NDBI 0.12).",Confirm industrial facility boundary and continuous operations via satellite basemap.,22.97653,72.56532
22,FIRMS_0178,4,Persistent Industrial Heat,High,"Multi-date recurrence (21 dates over 81d span in cluster), inside/adjacent to industrial zone (dist 484m, NDBI 0.12).",Confirm industrial facility boundary and continuous operations via satellite basemap.,22.98005,72.5644
23,FIRMS_0190,4,Persistent Industrial Heat,High,"Multi-date recurrence (21 dates over 81d span in cluster), inside/adjacent to industrial zone (dist 442m, NDBI 0.16).",Confirm industrial facility boundary and continuous operations via satellite basemap.,22.9794,72.56454
24,FIRMS_0193,4,Persistent Industrial Heat,High,"Multi-date recurrence (21 dates over 81d span in cluster), inside/adjacent to industrial zone (dist 236m, NDBI 0.10).",Confirm industrial facility boundary and continuous operations via satellite basemap.,22.97887,72.56647
25,FIRMS_0197,4,Persistent Industrial Heat,High,"Multi-date recurrence (21 dates over 81d span in cluster), inside/adjacent to industrial zone (dist 147m, NDBI 0.14).",Confirm industrial facility boundary and continuous operations via satellite basemap.,22.97866,72.56733
26,FIRMS_0187,126,Ambiguous (Review Required),Ambiguous,"Intermediate proximity (6916m) or mixed spectral signals (NDVI 0.20, NDBI 0.17, FRP 4.08MW).",Perform comprehensive multi-temporal optical imagery inspection (Sentinel-2 / Google Earth) to determine site activity.,22.94851,72.34847
27,FIRMS_0188,126,Other Thermal Source,High,"Remote from industrial infrastructure (6891m, 0 industries in 1km), rural/agricultural spectral profile (NDVI 0.33, NDBI 0.02), single/episodic burn.",Verify agricultural plot boundary or open field context on satellite imagery.,22.94888,72.35261
28,FIRMS_0191,126,Other Thermal Source,High,"Remote from industrial infrastructure (6855m, 0 industries in 1km), rural/agricultural spectral profile (NDVI 0.33, NDBI -0.04), single/episodic burn.",Verify agricultural plot boundary or open field context on satellite imagery.,22.94755,72.34718
29,FIRMS_0001,0,Other Thermal Source,Medium,"Remote from industrial infrastructure (5784m, 0 industries in 1km), rural/agricultural spectral profile (NDVI 0.30, NDBI 0.04), single/episodic burn.",Verify agricultural plot boundary or open field context on satellite imagery.,22.91167,72.26035
30,FIRMS_0002,0,Other Thermal Source,High,"Remote from industrial infrastructure (5538m, 0 industries in 1km), rural/agricultural spectral profile (NDVI 0.63, NDBI -0.16), single/episodic burn.",Verify agricultural plot boundary or open field context on satellite imagery.,22.91384,72.25944
31,FIRMS_0009,7,Other Thermal Source,High,"Remote from industrial infrastructure (4575m, 0 industries in 1km), rural/agricultural spectral profile (NDVI 0.69, NDBI -0.36), single/episodic burn.",Verify agricultural plot boundary or open field context on satellite imagery.,22.91476,72.33144
32,FIRMS_0010,7,Other Thermal Source,High,"Remote from industrial infrastructure (4860m, 0 industries in 1km), rural/agricultural spectral profile (NDVI 0.55, NDBI -0.12), single/episodic burn.",Verify agricultural plot boundary or open field context on satellite imagery.,22.91593,72.32841
33,FIRMS_0033,21,Other Thermal Source,Medium,"Remote from industrial infrastructure (3921m, 0 industries in 1km), rural/agricultural spectral profile (NDVI 0.50, NDBI -0.15), single/episodic burn.",Verify agricultural plot boundary or open field context on satellite imagery.,22.97641,72.43799
34,FIRMS_0034,21,Other Thermal Source,High,"Remote from industrial infrastructure (4012m, 0 industries in 1km), rural/agricultural spectral profile (NDVI 0.87, NDBI -0.39), single/episodic burn.",Verify agricultural plot boundary or open field context on satellite imagery.,22.97737,72.4377
35,FIRMS_0069,45,Other Thermal Source,High,"Remote from industrial infrastructure (6006m, 0 industries in 1km), rural/agricultural spectral profile (NDVI 0.31, NDBI 0.17), single/episodic burn.",Verify agricultural plot boundary or open field context on satellite imagery.,23.14455,72.31611
36,FIRMS_0070,45,Ambiguous (Review Required),Ambiguous,"Intermediate proximity (5980m) or mixed spectral signals (NDVI 0.17, NDBI 0.12, FRP 4.67MW).",Perform comprehensive multi-temporal optical imagery inspection (Sentinel-2 / Google Earth) to determine site activity.,23.14731,72.31373
37,FIRMS_0080,54,Other Thermal Source,High,"Remote from industrial infrastructure (6268m, 0 industries in 1km), rural/agricultural spectral profile (NDVI 0.56, NDBI 0.01), single/episodic burn.",Verify agricultural plot boundary or open field context on satellite imagery.,22.91181,72.28054
38,FIRMS_0081,54,Ambiguous (Review Required),Ambiguous,"Intermediate proximity (5898m) or mixed spectral signals (NDVI 0.17, NDBI 0.22, FRP 5.40MW).",Perform comprehensive multi-temporal optical imagery inspection (Sentinel-2 / Google Earth) to determine site activity.,22.91519,72.27989
39,FIRMS_0100,70,Other Thermal Source,High,"Remote from industrial infrastructure (5059m, 0 industries in 1km), rural/agricultural spectral profile (NDVI 0.80, NDBI -0.27), single/episodic burn.",Verify agricultural plot boundary or open field context on satellite imagery.,22.98868,72.41434
40,FIRMS_0101,70,Other Thermal Source,Medium,"Remote from industrial infrastructure (5253m, 0 industries in 1km), rural/agricultural spectral profile (NDVI 0.02, NDBI -0.05), single/episodic burn.",Verify agricultural plot boundary or open field context on satellite imagery.,22.98924,72.41818
41,FIRMS_0125,86,Other Thermal Source,Medium,"Remote from industrial infrastructure (4062m, 0 industries in 1km), rural/agricultural spectral profile (NDVI 0.23, NDBI 0.04), single/episodic burn.",Verify agricultural plot boundary or open field context on satellite imagery.,22.92417,72.51684
42,FIRMS_0126,86,Other Thermal Source,High,"Remote from industrial infrastructure (4139m, 0 industries in 1km), rural/agricultural spectral profile (NDVI 0.53, NDBI -0.13), single/episodic burn.",Verify agricultural plot boundary or open field context on satellite imagery.,22.92444,72.51591
43,FIRMS_0008,6,Other Thermal Source,High,"Remote from industrial infrastructure (4201m, 0 industries in 1km), rural/agricultural spectral profile (NDVI 0.44, NDBI -0.06), single/episodic burn.",Verify agricultural plot boundary or open field context on satellite imagery.,22.86525,72.4506
44,FIRMS_0020,12,Other Thermal Source,High,"Remote from industrial infrastructure (5257m, 0 industries in 1km), rural/agricultural spectral profile (NDVI 0.38, NDBI 0.03), single/episodic burn.",Verify agricultural plot boundary or open field context on satellite imagery.,22.7951,72.43128
45,FIRMS_0025,15,Other Thermal Source,High,"Remote from industrial infrastructure (7487m, 0 industries in 1km), rural/agricultural spectral profile (NDVI 0.33, NDBI 0.04), single/episodic burn.",Verify agricultural plot boundary or open field context on satellite imagery.,23.24492,72.43323
46,FIRMS_0041,26,Other Thermal Source,High,"Remote from industrial infrastructure (8716m, 0 industries in 1km), rural/agricultural spectral profile (NDVI 0.76, NDBI -0.22), single/episodic burn.",Verify agricultural plot boundary or open field context on satellite imagery.,23.16089,72.2728
47,FIRMS_0062,41,Other Thermal Source,High,"Remote from industrial infrastructure (4254m, 0 industries in 1km), rural/agricultural spectral profile (NDVI 0.34, NDBI 0.00), single/episodic burn.",Verify agricultural plot boundary or open field context on satellite imagery.,23.21547,72.43324
48,FIRMS_0068,44,Other Thermal Source,High,"Remote from industrial infrastructure (5612m, 0 industries in 1km), rural/agricultural spectral profile (NDVI 0.58, NDBI -0.10), single/episodic burn.",Verify agricultural plot boundary or open field context on satellite imagery.,23.13341,72.34417
49,FIRMS_0078,52,Other Thermal Source,High,"Remote from industrial infrastructure (4194m, 0 industries in 1km), rural/agricultural spectral profile (NDVI 0.33, NDBI 0.06), single/episodic burn.",Verify agricultural plot boundary or open field context on satellite imagery.,22.87034,72.6946
50,FIRMS_0153,102,Other Thermal Source,High,"Remote from industrial infrastructure (6173m, 0 industries in 1km), rural/agricultural spectral profile (NDVI 0.52, NDBI -0.08), single/episodic burn.",Verify agricultural plot boundary or open field context on satellite imagery.,22.9559,72.34708
51,FIRMS_0163,108,Other Thermal Source,High,"Remote from industrial infrastructure (5608m, 0 industries in 1km), rural/agricultural spectral profile (NDVI 0.32, NDBI 0.09), single/episodic burn.",Verify agricultural plot boundary or open field context on satellite imagery.,23.00257,72.43394
52,FIRMS_0186,125,Other Thermal Source,High,"Remote from industrial infrastructure (5745m, 0 industries in 1km), rural/agricultural spectral profile (NDVI 0.51, NDBI -0.14), single/episodic burn.",Verify agricultural plot boundary or open field context on satellite imagery.,22.86722,72.3024
53,FIRMS_0200,134,Other Thermal Source,High,"Remote from industrial infrastructure (4864m, 0 industries in 1km), rural/agricultural spectral profile (NDVI 0.36, NDBI 0.05), single/episodic burn.",Verify agricultural plot boundary or open field context on satellite imagery.,23.09093,72.35571
54,FIRMS_0201,135,Other Thermal Source,High,"Remote from industrial infrastructure (5209m, 0 industries in 1km), rural/agricultural spectral profile (NDVI 0.30, NDBI 0.14), single/episodic burn.",Verify agricultural plot boundary or open field context on satellite imagery.,23.09496,72.35213
55,FIRMS_0005,3,Persistent Industrial Heat,Medium,"Multi-date recurrence (3 dates over 54d span in cluster), inside/adjacent to industrial zone (dist 1091m, NDBI 0.15).",Confirm industrial facility boundary and continuous operations via satellite basemap.,22.95972,72.54742
56,FIRMS_0139,3,Persistent Industrial Heat,Medium,"Multi-date recurrence (3 dates over 54d span in cluster), inside/adjacent to industrial zone (dist 1059m, NDBI 0.08).",Confirm industrial facility boundary and continuous operations via satellite basemap.,22.96237,72.54801
57,FIRMS_0142,3,Persistent Industrial Heat,Medium,"Multi-date recurrence (3 dates over 54d span in cluster), inside/adjacent to industrial zone (dist 1043m, NDBI 0.11).",Confirm industrial facility boundary and continuous operations via satellite basemap.,22.95882,72.54778
58,FIRMS_0143,3,Persistent Industrial Heat,Medium,"Multi-date recurrence (3 dates over 54d span in cluster), inside/adjacent to industrial zone (dist 1247m, NDBI 0.23).",Confirm industrial facility boundary and continuous operations via satellite basemap.,22.96,72.54593
59,FIRMS_0024,14,Other Thermal Source,Medium,"Remote from industrial infrastructure (3909m, 0 industries in 1km), rural/agricultural spectral profile (NDVI 0.38, NDBI 0.12), single/episodic burn.",Verify agricultural plot boundary or open field context on satellite imagery.,22.95061,72.41132
60,FIRMS_0027,14,Other Thermal Source,Medium,"Remote from industrial infrastructure (4307m, 0 industries in 1km), rural/agricultural spectral profile (NDVI 0.21, NDBI 0.29), single/episodic burn.",Verify agricultural plot boundary or open field context on satellite imagery.,22.95463,72.41178
61,FIRMS_0028,14,Other Thermal Source,Medium,"Remote from industrial infrastructure (4559m, 0 industries in 1km), rural/agricultural spectral profile (NDVI 0.23, NDBI 0.22), single/episodic burn.",Verify agricultural plot boundary or open field context on satellite imagery.,22.95612,72.40912
62,FIRMS_0044,28,Persistent Industrial Heat,Medium,"Multi-date recurrence (2 dates over 22d span in cluster), inside/adjacent to industrial zone (dist 796m, NDBI 0.22).",Confirm industrial facility boundary and continuous operations via satellite basemap.,22.81513,72.38505
63,FIRMS_0110,28,Persistent Industrial Heat,Medium,"Multi-date recurrence (2 dates over 22d span in cluster), inside/adjacent to industrial zone (dist 1179m, NDBI 0.16).",Confirm industrial facility boundary and continuous operations via satellite basemap.,22.81889,72.38586
64,FIRMS_0111,28,Ambiguous (Review Required),Ambiguous,"Intermediate proximity (1502m) or mixed spectral signals (NDVI 0.37, NDBI 0.02, FRP 17.01MW).",Perform comprehensive multi-temporal optical imagery inspection (Sentinel-2 / Google Earth) to determine site activity.,22.81947,72.39011
65,FIRMS_0065,43,Ambiguous (Review Required),Ambiguous,"Intermediate proximity (2410m) or mixed spectral signals (NDVI 0.50, NDBI -0.05, FRP 12.56MW).",Perform comprehensive multi-temporal optical imagery inspection (Sentinel-2 / Google Earth) to determine site activity.,23.0425,72.33364
66,FIRMS_0066,43,Other Thermal Source,Medium,"Remote from industrial infrastructure (2671m, 0 industries in 1km), rural/agricultural spectral profile (NDVI 0.22, NDBI 0.22), single/episodic burn.",Verify agricultural plot boundary or open field context on satellite imagery.,23.04304,72.33891
67,FIRMS_0067,43,Ambiguous (Review Required),Ambiguous,"Intermediate proximity (2724m) or mixed spectral signals (NDVI 0.15, NDBI 0.09, FRP 21.75MW).",Perform comprehensive multi-temporal optical imagery inspection (Sentinel-2 / Google Earth) to determine site activity.,23.04467,72.33624
68,FIRMS_0105,74,Persistent Industrial Heat,Medium,"Multi-date recurrence (2 dates over 39d span in cluster), inside/adjacent to industrial zone (dist 605m, NDBI 0.18).",Confirm industrial facility boundary and continuous operations via satellite basemap.,22.90541,72.431
69,FIRMS_0173,74,Persistent Industrial Heat,Medium,"Multi-date recurrence (2 dates over 39d span in cluster), inside/adjacent to industrial zone (dist 521m, NDBI 0.17).",Confirm industrial facility boundary and continuous operations via satellite basemap.,22.90704,72.42893
70,FIRMS_0174,74,Persistent Industrial Heat,Medium,"Multi-date recurrence (2 dates over 39d span in cluster), inside/adjacent to industrial zone (dist 488m, NDBI 0.06).",Confirm industrial facility boundary and continuous operations via satellite basemap.,22.90734,72.42881
71,FIRMS_0018,11,Other Thermal Source,Medium,"Remote from industrial infrastructure (8190m, 0 industries in 1km), rural/agricultural spectral profile (NDVI 0.22, NDBI 0.15), single/episodic burn.",Verify agricultural plot boundary or open field context on satellite imagery.,22.77944,72.45569
72,FIRMS_0019,11,Ambiguous (Review Required),Ambiguous,"Intermediate proximity (8571m) or mixed spectral signals (NDVI 0.18, NDBI 0.10, FRP 4.72MW).",Perform comprehensive multi-temporal optical imagery inspection (Sentinel-2 / Google Earth) to determine site activity.,22.7803,72.46003
73,FIRMS_0035,22,Ambiguous (Review Required),Ambiguous,"Intermediate proximity (8169m) or mixed spectral signals (NDVI 0.16, NDBI 0.09, FRP 5.37MW).",Perform comprehensive multi-temporal optical imagery inspection (Sentinel-2 / Google Earth) to determine site activity.,22.79262,72.49578
74,FIRMS_0036,22,Other Thermal Source,Medium,"Remote from industrial infrastructure (8075m, 0 industries in 1km), rural/agricultural spectral profile (NDVI 0.27, NDBI 0.07), single/episodic burn.",Verify agricultural plot boundary or open field context on satellite imagery.,22.79391,72.49732
75,FIRMS_0042,27,Other Thermal Source,Medium,"Remote from industrial infrastructure (5038m, 0 industries in 1km), rural/agricultural spectral profile (NDVI 0.29, NDBI 0.12), single/episodic burn.",Verify agricultural plot boundary or open field context on satellite imagery.,23.20924,72.2981
76,FIRMS_0043,27,Ambiguous (Review Required),Ambiguous,"Intermediate proximity (4963m) or mixed spectral signals (NDVI 0.11, NDBI 0.16, FRP 5.22MW).",Perform comprehensive multi-temporal optical imagery inspection (Sentinel-2 / Google Earth) to determine site activity.,23.21135,72.29937
77,FIRMS_0057,37,Other Thermal Source,Medium,"Remote from industrial infrastructure (4722m, 0 industries in 1km), rural/agricultural spectral profile (NDVI 0.17, NDBI 0.04), single/episodic burn.",Verify agricultural plot boundary or open field context on satellite imagery.,22.77055,72.26617
78,FIRMS_0058,37,Other Thermal Source,Medium,"Remote from industrial infrastructure (4843m, 0 industries in 1km), rural/agricultural spectral profile (NDVI 0.20, NDBI 0.08), single/episodic burn.",Verify agricultural plot boundary or open field context on satellite imagery.,22.77288,72.2662
79,FIRMS_0074,49,Other Thermal Source,Medium,"Remote from industrial infrastructure (3683m, 0 industries in 1km), rural/agricultural spectral profile (NDVI 0.23, NDBI 0.17), single/episodic burn.",Verify agricultural plot boundary or open field context on satellite imagery.,22.88402,72.64179
80,FIRMS_0075,49,Other Thermal Source,Medium,"Remote from industrial infrastructure (3438m, 0 industries in 1km), rural/agricultural spectral profile (NDVI 0.21, NDBI 0.12), single/episodic burn.",Verify agricultural plot boundary or open field context on satellite imagery.,22.88669,72.64285
81,FIRMS_0108,77,Ambiguous (Review Required),Ambiguous,"Intermediate proximity (2474m) or mixed spectral signals (NDVI 0.22, NDBI 0.12, FRP 12.75MW).",Perform comprehensive multi-temporal optical imagery inspection (Sentinel-2 / Google Earth) to determine site activity.,23.14765,72.59921
82,FIRMS_0109,77,Other Thermal Source,Medium,"Remote from industrial infrastructure (2831m, 0 industries in 1km), rural/agricultural spectral profile (NDVI 0.40, NDBI -0.00), single/episodic burn.",Verify agricultural plot boundary or open field context on satellite imagery.,23.1508,72.59597
83,FIRMS_0116,81,Persistent Industrial Heat,Medium,"Multi-date recurrence (2 dates over 2d span in cluster), inside/adjacent to industrial zone (dist 884m, NDBI 0.19).",Confirm industrial facility boundary and continuous operations via satellite basemap.,22.78016,72.34639
84,FIRMS_0120,81,Persistent Industrial Heat,Medium,"Multi-date recurrence (2 dates over 2d span in cluster), inside/adjacent to industrial zone (dist 1110m, NDBI 0.13).",Confirm industrial facility boundary and continuous operations via satellite basemap.,22.7823,72.3466
85,FIRMS_0117,82,Other Thermal Source,Medium,"Remote from industrial infrastructure (5117m, 0 industries in 1km), rural/agricultural spectral profile (NDVI 0.22, NDBI 0.08), single/episodic burn.",Verify agricultural plot boundary or open field context on satellite imagery.,22.85525,72.52629
86,FIRMS_0118,82,Ambiguous (Review Required),Ambiguous,"Intermediate proximity (5093m) or mixed spectral signals (NDVI 0.15, NDBI 0.18, FRP 8.63MW).",Perform comprehensive multi-temporal optical imagery inspection (Sentinel-2 / Google Earth) to determine site activity.,22.85662,72.52569
87,FIRMS_0132,90,Other Thermal Source,Medium,"Remote from industrial infrastructure (6554m, 0 industries in 1km), rural/agricultural spectral profile (NDVI 0.25, NDBI 0.19), single/episodic burn.",Verify agricultural plot boundary or open field context on satellite imagery.,22.83231,72.52499
88,FIRMS_0133,90,Ambiguous (Review Required),Ambiguous,"Intermediate proximity (6135m) or mixed spectral signals (NDVI 0.15, NDBI 0.17, FRP 8.25MW).",Perform comprehensive multi-temporal optical imagery inspection (Sentinel-2 / Google Earth) to determine site activity.,22.83278,72.52921
89,FIRMS_0140,94,Ambiguous (Review Required),Ambiguous,"Intermediate proximity (494m) or mixed spectral signals (NDVI 0.58, NDBI -0.12, FRP 2.05MW).",Perform comprehensive multi-temporal optical imagery inspection (Sentinel-2 / Google Earth) to determine site activity.,23.01382,72.33582
90,FIRMS_0183,94,Persistent Industrial Heat,Medium,"Multi-date recurrence (2 dates over 26d span in cluster), inside/adjacent to industrial zone (dist 512m, NDBI 0.05).",Confirm industrial facility boundary and continuous operations via satellite basemap.,23.01477,72.3363
91,FIRMS_0152,101,Gas Flare,Medium,"Strong thermal contrast (Delta T = 33.3K), located at specialized industrial works/power/chemical site (670m).","Verify presence of elevated flare stack, chemical refinery, or burner unit via high-resolution imagery.",23.02414,72.26765
92,FIRMS_0170,101,Persistent Industrial Heat,Medium,"Multi-date recurrence (2 dates over 10d span in cluster), inside/adjacent to industrial zone (dist 427m, NDBI 0.14).",Confirm industrial facility boundary and continuous operations via satellite basemap.,23.02804,72.26569
93,FIRMS_0003,1,Other Thermal Source,Medium,"Remote from industrial infrastructure (3044m, 0 industries in 1km), rural/agricultural spectral profile (NDVI 0.35, NDBI 0.07), single/episodic burn.",Verify agricultural plot boundary or open field context on satellite imagery.,22.85421,72.43613
94,FIRMS_0011,8,Other Thermal Source,Medium,"Remote from industrial infrastructure (6588m, 0 industries in 1km), rural/agricultural spectral profile (NDVI 0.27, NDBI 0.06), single/episodic burn.",Verify agricultural plot boundary or open field context on satellite imagery.,22.92537,72.74552
95,FIRMS_0016,9,Other Thermal Source,Medium,"Remote from industrial infrastructure (3560m, 0 industries in 1km), rural/agricultural spectral profile (NDVI 0.43, NDBI 0.10), single/episodic burn.",Verify agricultural plot boundary or open field context on satellite imagery.,22.95616,72.74741
96,FIRMS_0023,13,Other Thermal Source,Medium,"Remote from industrial infrastructure (4065m, 0 industries in 1km), rural/agricultural spectral profile (NDVI 0.20, NDBI 0.09), single/episodic burn.",Verify agricultural plot boundary or open field context on satellite imagery.,22.78164,72.53414
97,FIRMS_0030,18,Other Thermal Source,Medium,"Remote from industrial infrastructure (2918m, 0 industries in 1km), rural/agricultural spectral profile (NDVI 0.44, NDBI 0.09), single/episodic burn.",Verify agricultural plot boundary or open field context on satellite imagery.,22.80784,72.5648
98,FIRMS_0038,24,Other Thermal Source,Medium,"Remote from industrial infrastructure (5134m, 0 industries in 1km), rural/agricultural spectral profile (NDVI 0.20, NDBI 0.30), single/episodic burn.",Verify agricultural plot boundary or open field context on satellite imagery.,22.86575,72.52106
99,FIRMS_0053,34,Other Thermal Source,Medium,"Remote from industrial infrastructure (3707m, 0 industries in 1km), rural/agricultural spectral profile (NDVI 0.52, NDBI 0.02), single/episodic burn.",Verify agricultural plot boundary or open field context on satellite imagery.,22.9001,72.54078
100,FIRMS_0073,48,Other Thermal Source,Medium,"Remote from industrial infrastructure (7392m, 0 industries in 1km), rural/agricultural spectral profile (NDVI 0.25, NDBI 0.07), single/episodic burn.",Verify agricultural plot boundary or open field context on satellite imagery.,22.8515,72.48209
101,FIRMS_0079,53,Other Thermal Source,Medium,"Remote from industrial infrastructure (6562m, 0 industries in 1km), rural/agricultural spectral profile (NDVI 0.23, NDBI 0.09), single/episodic burn.",Verify agricultural plot boundary or open field context on satellite imagery.,22.90777,72.27724
102,FIRMS_0085,58,Other Thermal Source,Medium,"Remote from industrial infrastructure (6554m, 0 industries in 1km), rural/agricultural spectral profile (NDVI 0.25, NDBI 0.12), single/episodic burn.",Verify agricultural plot boundary or open field context on satellite imagery.,22.84739,72.51508
103,FIRMS_0089,62,Other Thermal Source,Medium,"Remote from industrial infrastructure (3180m, 0 industries in 1km), rural/agricultural spectral profile (NDVI 0.67, NDBI -0.17), single/episodic burn.",Verify agricultural plot boundary or open field context on satellite imagery.,22.93506,72.25756
104,FIRMS_0093,65,Other Thermal Source,Medium,"Remote from industrial infrastructure (5307m, 0 industries in 1km), rural/agricultural spectral profile (NDVI 0.30, NDBI 0.17), single/episodic burn.",Verify agricultural plot boundary or open field context on satellite imagery.,22.9166,72.2655
105,FIRMS_0095,66,Other Thermal Source,Medium,"Remote from industrial infrastructure (2634m, 0 industries in 1km), rural/agricultural spectral profile (NDVI 0.36, NDBI 0.04), single/episodic burn.",Verify agricultural plot boundary or open field context on satellite imagery.,22.85114,72.42912
106,FIRMS_0096,67,Other Thermal Source,Medium,"Remote from industrial infrastructure (6142m, 0 industries in 1km), rural/agricultural spectral profile (NDVI 0.20, NDBI 0.14), single/episodic burn.",Verify agricultural plot boundary or open field context on satellite imagery.,22.89433,72.50488
107,FIRMS_0097,68,Other Thermal Source,Medium,"Remote from industrial infrastructure (3161m, 0 industries in 1km), rural/agricultural spectral profile (NDVI 0.64, NDBI -0.18), single/episodic burn.",Verify agricultural plot boundary or open field context on satellite imagery.,22.89587,72.33046
108,FIRMS_0112,78,Other Thermal Source,Medium,"Remote from industrial infrastructure (4266m, 0 industries in 1km), rural/agricultural spectral profile (NDVI 0.22, NDBI 0.18), single/episodic burn.",Verify agricultural plot boundary or open field context on satellite imagery.,23.08708,72.40451
109,FIRMS_0128,88,Industrial Fire,Medium,"Acute transient detection (span 0d) with elevated thermal emission (FRP 5.44MW, TI4 340.8K) inside industrial zone (78m, NDBI 0.06).",Cross-reference with local municipal fire dispatch logs or optical smoke plume evidence.,22.97361,72.55895
110,FIRMS_0134,91,Industrial Fire,Medium,"Acute transient detection (span 0d) with elevated thermal emission (FRP 7.86MW, TI4 343.5K) inside industrial zone (297m, NDBI 0.14).",Cross-reference with local municipal fire dispatch logs or optical smoke plume evidence.,23.01619,72.63089
111,FIRMS_0141,95,Other Thermal Source,Medium,"Remote from industrial infrastructure (3808m, 0 industries in 1km), rural/agricultural spectral profile (NDVI 0.23, NDBI 0.17), single/episodic burn.",Verify agricultural plot boundary or open field context on satellite imagery.,22.93092,72.26733
112,FIRMS_0171,114,Other Thermal Source,Medium,"Remote from industrial infrastructure (4324m, 0 industries in 1km), rural/agricultural spectral profile (NDVI 0.23, NDBI 0.21), single/episodic burn.",Verify agricultural plot boundary or open field context on satellite imagery.,23.10855,72.38129
113,FIRMS_0175,116,Other Thermal Source,Medium,"Remote from industrial infrastructure (2964m, 0 industries in 1km), rural/agricultural spectral profile (NDVI 0.37, NDBI -0.13), single/episodic burn.",Verify agricultural plot boundary or open field context on satellite imagery.,23.07731,72.45467
114,FIRMS_0176,117,Other Thermal Source,Medium,"Remote from industrial infrastructure (3922m, 0 industries in 1km), rural/agricultural spectral profile (NDVI 0.31, NDBI 0.08), single/episodic burn.",Verify agricultural plot boundary or open field context on satellite imagery.,23.12602,72.52242
115,FIRMS_0177,118,Other Thermal Source,Medium,"Remote from industrial infrastructure (3717m, 0 industries in 1km), rural/agricultural spectral profile (NDVI 0.31, NDBI 0.11), single/episodic burn.",Verify agricultural plot boundary or open field context on satellite imagery.,23.07141,72.39342
116,FIRMS_0180,120,Other Thermal Source,Medium,"Remote from industrial infrastructure (2975m, 0 industries in 1km), rural/agricultural spectral profile (NDVI 0.41, NDBI 0.03), single/episodic burn.",Verify agricultural plot boundary or open field context on satellite imagery.,22.83762,72.65168
117,FIRMS_0189,127,Other Thermal Source,Medium,"Remote from industrial infrastructure (2543m, 0 industries in 1km), rural/agricultural spectral profile (NDVI 0.22, NDBI 0.15), single/episodic burn.",Verify agricultural plot boundary or open field context on satellite imagery.,23.05617,72.30385
118,FIRMS_0146,97,Industrial Fire,Low,"Acute transient detection (span 0d) with elevated thermal emission (FRP 9.26MW, TI4 348.1K) inside industrial zone (622m, NDBI 0.07).",Cross-reference with local municipal fire dispatch logs or optical smoke plume evidence.,23.01806,72.67479
119,FIRMS_0147,97,Industrial Fire,Low,"Acute transient detection (span 0d) with elevated thermal emission (FRP 5.51MW, TI4 343.6K) inside industrial zone (803m, NDBI 0.04).",Cross-reference with local municipal fire dispatch logs or optical smoke plume evidence.,23.0193,72.672
120,FIRMS_0029,17,Industrial Fire,Low,"Acute transient detection (span 0d) with elevated thermal emission (FRP 3.01MW, TI4 335.7K) inside industrial zone (769m, NDBI 0.08).",Cross-reference with local municipal fire dispatch logs or optical smoke plume evidence.,23.02453,72.59813
121,FIRMS_0060,39,Industrial Fire,Low,"Acute transient detection (span 0d) with elevated thermal emission (FRP 3.09MW, TI4 339.0K) inside industrial zone (923m, NDBI 0.04).",Cross-reference with local municipal fire dispatch logs or optical smoke plume evidence.,23.01342,72.28349
122,FIRMS_0122,83,Industrial Fire,Low,"Acute transient detection (span 0d) with elevated thermal emission (FRP 12.87MW, TI4 344.6K) inside industrial zone (991m, NDBI 0.14).",Cross-reference with local municipal fire dispatch logs or optical smoke plume evidence.,22.95614,72.57651
123,FIRMS_0148,98,Industrial Fire,Low,"Acute transient detection (span 0d) with elevated thermal emission (FRP 11.90MW, TI4 344.1K) inside industrial zone (884m, NDBI 0.23).",Cross-reference with local municipal fire dispatch logs or optical smoke plume evidence.,23.0284,72.26031
124,FIRMS_0156,104,Industrial Fire,Low,"Acute transient detection (span 0d) with elevated thermal emission (FRP 2.34MW, TI4 341.5K) inside industrial zone (846m, NDBI 0.20).",Cross-reference with local municipal fire dispatch logs or optical smoke plume evidence.,22.80109,72.33934
125,FIRMS_0158,105,Industrial Fire,Low,"Acute transient detection (span 0d) with elevated thermal emission (FRP 13.99MW, TI4 347.2K) inside industrial zone (895m, NDBI 0.12).",Cross-reference with local municipal fire dispatch logs or optical smoke plume evidence.,22.88142,72.34779
126,FIRMS_0162,107,Industrial Fire,Low,"Acute transient detection (span 0d) with elevated thermal emission (FRP 7.52MW, TI4 345.3K) inside industrial zone (845m, NDBI 0.00).",Cross-reference with local municipal fire dispatch logs or optical smoke plume evidence.,23.24856,72.34502
127,FIRMS_0179,119,Industrial Fire,Low,"Acute transient detection (span 0d) with elevated thermal emission (FRP 0.91MW, TI4 338.9K) inside industrial zone (905m, NDBI 0.05).",Cross-reference with local municipal fire dispatch logs or optical smoke plume evidence.,22.77568,72.33967
128,FIRMS_0048,32,Ambiguous (Review Required),Ambiguous,"Intermediate proximity (2141m) or mixed spectral signals (NDVI 0.15, NDBI 0.21, FRP 7.92MW).",Perform comprehensive multi-temporal optical imagery inspection (Sentinel-2 / Google Earth) to determine site activity.,22.94282,72.48921
129,FIRMS_0049,32,Ambiguous (Review Required),Ambiguous,"Intermediate proximity (2376m) or mixed spectral signals (NDVI 0.13, NDBI 0.31, FRP 7.92MW).",Perform comprehensive multi-temporal optical imagery inspection (Sentinel-2 / Google Earth) to determine site activity.,22.9433,72.4935
130,FIRMS_0050,32,Ambiguous (Review Required),Ambiguous,"Intermediate proximity (2014m) or mixed spectral signals (NDVI 0.12, NDBI 0.29, FRP 7.92MW).",Perform comprehensive multi-temporal optical imagery inspection (Sentinel-2 / Google Earth) to determine site activity.,22.94755,72.49294
131,FIRMS_0114,80,Ambiguous (Review Required),Ambiguous,"Intermediate proximity (5518m) or mixed spectral signals (NDVI 0.25, NDBI 0.22, FRP 3.87MW).",Perform comprehensive multi-temporal optical imagery inspection (Sentinel-2 / Google Earth) to determine site activity.,23.09766,72.35985
132,FIRMS_0115,80,Ambiguous (Review Required),Ambiguous,"Intermediate proximity (5576m) or mixed spectral signals (NDVI 0.15, NDBI 0.05, FRP 3.02MW).",Perform comprehensive multi-temporal optical imagery inspection (Sentinel-2 / Google Earth) to determine site activity.,23.09801,72.35852
133,FIRMS_0202,80,Ambiguous (Review Required),Ambiguous,"Intermediate proximity (5307m) or mixed spectral signals (NDVI 0.17, NDBI 0.29, FRP 10.38MW).",Perform comprehensive multi-temporal optical imagery inspection (Sentinel-2 / Google Earth) to determine site activity.,23.09537,72.35742
134,FIRMS_0039,25,Ambiguous (Review Required),Ambiguous,"Intermediate proximity (2028m) or mixed spectral signals (NDVI 0.12, NDBI -0.03, FRP 5.42MW).",Perform comprehensive multi-temporal optical imagery inspection (Sentinel-2 / Google Earth) to determine site activity.,22.96972,72.30669
135,FIRMS_0040,25,Ambiguous (Review Required),Ambiguous,"Intermediate proximity (1650m) or mixed spectral signals (NDVI 0.17, NDBI 0.27, FRP 2.38MW).",Perform comprehensive multi-temporal optical imagery inspection (Sentinel-2 / Google Earth) to determine site activity.,22.97167,72.30365
136,FIRMS_0045,29,Ambiguous (Review Required),Ambiguous,"Intermediate proximity (4436m) or mixed spectral signals (NDVI 0.51, NDBI 0.01, FRP 2.74MW).",Perform comprehensive multi-temporal optical imagery inspection (Sentinel-2 / Google Earth) to determine site activity.,22.81946,72.4229
137,FIRMS_0056,29,Ambiguous (Review Required),Ambiguous,"Intermediate proximity (4568m) or mixed spectral signals (NDVI 0.40, NDBI 0.12, FRP 6.63MW).",Perform comprehensive multi-temporal optical imagery inspection (Sentinel-2 / Google Earth) to determine site activity.,22.81597,72.42524
138,FIRMS_0087,60,Ambiguous (Review Required),Ambiguous,"Intermediate proximity (3112m) or mixed spectral signals (NDVI 0.27, NDBI 0.08, FRP 2.55MW).",Perform comprehensive multi-temporal optical imagery inspection (Sentinel-2 / Google Earth) to determine site activity.,23.23714,72.30925
139,FIRMS_0159,60,Ambiguous (Review Required),Ambiguous,"Intermediate proximity (3100m) or mixed spectral signals (NDVI 0.08, NDBI 0.08, FRP 5.15MW).",Perform comprehensive multi-temporal optical imagery inspection (Sentinel-2 / Google Earth) to determine site activity.,23.235,72.31001
140,FIRMS_0091,64,Ambiguous (Review Required),Ambiguous,"Intermediate proximity (1924m) or mixed spectral signals (NDVI 0.45, NDBI 0.02, FRP 5.25MW).",Perform comprehensive multi-temporal optical imagery inspection (Sentinel-2 / Google Earth) to determine site activity.,23.11073,72.68373
141,FIRMS_0092,64,Ambiguous (Review Required),Ambiguous,"Intermediate proximity (2218m) or mixed spectral signals (NDVI 0.37, NDBI 0.04, FRP 5.25MW).",Perform comprehensive multi-temporal optical imagery inspection (Sentinel-2 / Google Earth) to determine site activity.,23.11145,72.687
142,FIRMS_0129,89,Ambiguous (Review Required),Ambiguous,"Intermediate proximity (2475m) or mixed spectral signals (NDVI 0.46, NDBI 0.03, FRP 6.86MW).",Perform comprehensive multi-temporal optical imagery inspection (Sentinel-2 / Google Earth) to determine site activity.,23.07861,72.32619
143,FIRMS_0130,89,Ambiguous (Review Required),Ambiguous,"Intermediate proximity (2251m) or mixed spectral signals (NDVI 0.31, NDBI 0.08, FRP 6.46MW).",Perform comprehensive multi-temporal optical imagery inspection (Sentinel-2 / Google Earth) to determine site activity.,23.08136,72.32452
144,FIRMS_0154,103,Ambiguous (Review Required),Ambiguous,"Intermediate proximity (1774m) or mixed spectral signals (NDVI 0.30, NDBI 0.06, FRP 5.29MW).",Perform comprehensive multi-temporal optical imagery inspection (Sentinel-2 / Google Earth) to determine site activity.,22.77398,72.62425
145,FIRMS_0155,103,Ambiguous (Review Required),Ambiguous,"Intermediate proximity (1479m) or mixed spectral signals (NDVI 0.25, NDBI 0.12, FRP 6.35MW).",Perform comprehensive multi-temporal optical imagery inspection (Sentinel-2 / Google Earth) to determine site activity.,22.77813,72.62357
146,FIRMS_0004,2,Ambiguous (Review Required),Ambiguous,"Intermediate proximity (2390m) or mixed spectral signals (NDVI 0.32, NDBI 0.18, FRP 10.64MW).",Perform comprehensive multi-temporal optical imagery inspection (Sentinel-2 / Google Earth) to determine site activity.,23.12461,72.55163
147,FIRMS_0007,5,Ambiguous (Review Required),Ambiguous,"Intermediate proximity (547m) or mixed spectral signals (NDVI 0.11, NDBI 0.08, FRP 1.66MW).",Perform comprehensive multi-temporal optical imagery inspection (Sentinel-2 / Google Earth) to determine site activity.,23.02011,72.61412
148,FIRMS_0017,10,Ambiguous (Review Required),Ambiguous,"Intermediate proximity (272m) or mixed spectral signals (NDVI 0.16, NDBI -0.01, FRP 1.08MW).",Perform comprehensive multi-temporal optical imagery inspection (Sentinel-2 / Google Earth) to determine site activity.,22.96043,72.59915
149,FIRMS_0026,16,Ambiguous (Review Required),Ambiguous,"Intermediate proximity (1607m) or mixed spectral signals (NDVI 0.18, NDBI 0.11, FRP 2.16MW).",Perform comprehensive multi-temporal optical imagery inspection (Sentinel-2 / Google Earth) to determine site activity.,22.83764,72.38744
150,FIRMS_0031,19,Ambiguous (Review Required),Ambiguous,"Intermediate proximity (1365m) or mixed spectral signals (NDVI 0.77, NDBI -0.23, FRP 0.46MW).",Perform comprehensive multi-temporal optical imagery inspection (Sentinel-2 / Google Earth) to determine site activity.,22.97388,72.81726
151,FIRMS_0032,20,Ambiguous (Review Required),Ambiguous,"Intermediate proximity (1068m) or mixed spectral signals (NDVI 0.29, NDBI 0.05, FRP 3.07MW).",Perform comprehensive multi-temporal optical imagery inspection (Sentinel-2 / Google Earth) to determine site activity.,22.75499,72.32404
152,FIRMS_0037,23,Ambiguous (Review Required),Ambiguous,"Intermediate proximity (1330m) or mixed spectral signals (NDVI 0.42, NDBI 0.03, FRP 3.55MW).",Perform comprehensive multi-temporal optical imagery inspection (Sentinel-2 / Google Earth) to determine site activity.,22.85634,72.61441
153,FIRMS_0046,30,Ambiguous (Review Required),Ambiguous,"Intermediate proximity (4463m) or mixed spectral signals (NDVI 0.17, NDBI 0.31, FRP 3.66MW).",Perform comprehensive multi-temporal optical imagery inspection (Sentinel-2 / Google Earth) to determine site activity.,22.93538,72.38679
154,FIRMS_0047,31,Ambiguous (Review Required),Ambiguous,"Intermediate proximity (1276m) or mixed spectral signals (NDVI 0.39, NDBI 0.07, FRP 3.44MW).",Perform comprehensive multi-temporal optical imagery inspection (Sentinel-2 / Google Earth) to determine site activity.,22.94121,72.43755
155,FIRMS_0051,33,Ambiguous (Review Required),Ambiguous,"Intermediate proximity (4303m) or mixed spectral signals (NDVI 0.18, NDBI 0.29, FRP 5.06MW).",Perform comprehensive multi-temporal optical imagery inspection (Sentinel-2 / Google Earth) to determine site activity.,22.98929,72.44418
156,FIRMS_0054,35,Ambiguous (Review Required),Ambiguous,"Intermediate proximity (2001m) or mixed spectral signals (NDVI 0.12, NDBI 0.15, FRP 5.74MW).",Perform comprehensive multi-temporal optical imagery inspection (Sentinel-2 / Google Earth) to determine site activity.,22.90485,72.6528
157,FIRMS_0055,36,Ambiguous (Review Required),Ambiguous,"Intermediate proximity (434m) or mixed spectral signals (NDVI 0.54, NDBI -0.01, FRP 0.88MW).",Perform comprehensive multi-temporal optical imagery inspection (Sentinel-2 / Google Earth) to determine site activity.,23.15413,72.45323
158,FIRMS_0059,38,Ambiguous (Review Required),Ambiguous,"Intermediate proximity (4775m) or mixed spectral signals (NDVI 0.15, NDBI 0.17, FRP 3.76MW).",Perform comprehensive multi-temporal optical imagery inspection (Sentinel-2 / Google Earth) to determine site activity.,22.82045,72.5416
159,FIRMS_0061,40,Ambiguous (Review Required),Ambiguous,"Intermediate proximity (1772m) or mixed spectral signals (NDVI 0.76, NDBI -0.33, FRP 4.43MW).",Perform comprehensive multi-temporal optical imagery inspection (Sentinel-2 / Google Earth) to determine site activity.,23.05063,72.27502
160,FIRMS_0064,42,Ambiguous (Review Required),Ambiguous,"Intermediate proximity (4582m) or mixed spectral signals (NDVI 0.19, NDBI 0.16, FRP 3.98MW).",Perform comprehensive multi-temporal optical imagery inspection (Sentinel-2 / Google Earth) to determine site activity.,22.95219,72.40082
161,FIRMS_0071,46,Ambiguous (Review Required),Ambiguous,"Intermediate proximity (2177m) or mixed spectral signals (NDVI 0.24, NDBI 0.16, FRP 1.08MW).",Perform comprehensive multi-temporal optical imagery inspection (Sentinel-2 / Google Earth) to determine site activity.,22.99295,72.67189
162,FIRMS_0072,47,Ambiguous (Review Required),Ambiguous,"Intermediate proximity (1711m) or mixed spectral signals (NDVI 0.20, NDBI 0.12, FRP 4.38MW).",Perform comprehensive multi-temporal optical imagery inspection (Sentinel-2 / Google Earth) to determine site activity.,22.83125,72.57391
163,FIRMS_0076,50,Ambiguous (Review Required),Ambiguous,"Intermediate proximity (7505m) or mixed spectral signals (NDVI 0.16, NDBI 0.08, FRP 2.82MW).",Perform comprehensive multi-temporal optical imagery inspection (Sentinel-2 / Google Earth) to determine site activity.,23.24766,72.26569
164,FIRMS_0077,51,Ambiguous (Review Required),Ambiguous,"Intermediate proximity (8949m) or mixed spectral signals (NDVI 0.16, NDBI 0.26, FRP 5.51MW).",Perform comprehensive multi-temporal optical imagery inspection (Sentinel-2 / Google Earth) to determine site activity.,22.7878,72.48606
165,FIRMS_0082,55,Ambiguous (Review Required),Ambiguous,"Intermediate proximity (3298m) or mixed spectral signals (NDVI 0.18, NDBI 0.16, FRP 4.33MW).",Perform comprehensive multi-temporal optical imagery inspection (Sentinel-2 / Google Earth) to determine site activity.,22.94102,72.52146
166,FIRMS_0083,56,Ambiguous (Review Required),Ambiguous,"Intermediate proximity (2318m) or mixed spectral signals (NDVI 0.22, NDBI 0.16, FRP 1.22MW).",Perform comprehensive multi-temporal optical imagery inspection (Sentinel-2 / Google Earth) to determine site activity.,23.0004,72.32112
167,FIRMS_0084,57,Ambiguous (Review Required),Ambiguous,"Intermediate proximity (1922m) or mixed spectral signals (NDVI 0.19, NDBI 0.17, FRP 3.82MW).",Perform comprehensive multi-temporal optical imagery inspection (Sentinel-2 / Google Earth) to determine site activity.,23.07302,72.31764
168,FIRMS_0086,59,Ambiguous (Review Required),Ambiguous,"Intermediate proximity (5210m) or mixed spectral signals (NDVI 0.19, NDBI 0.21, FRP 4.09MW).",Perform comprehensive multi-temporal optical imagery inspection (Sentinel-2 / Google Earth) to determine site activity.,22.87535,72.47784
169,FIRMS_0088,61,Ambiguous (Review Required),Ambiguous,"Intermediate proximity (2456m) or mixed spectral signals (NDVI 0.09, NDBI 0.05, FRP 5.46MW).",Perform comprehensive multi-temporal optical imagery inspection (Sentinel-2 / Google Earth) to determine site activity.,23.03316,72.45387
170,FIRMS_0090,63,Ambiguous (Review Required),Ambiguous,"Intermediate proximity (5980m) or mixed spectral signals (NDVI 0.18, NDBI 0.15, FRP 12.36MW).",Perform comprehensive multi-temporal optical imagery inspection (Sentinel-2 / Google Earth) to determine site activity.,23.21997,72.28629
171,FIRMS_0099,69,Ambiguous (Review Required),Ambiguous,"Intermediate proximity (7655m) or mixed spectral signals (NDVI 0.15, NDBI 0.24, FRP 5.88MW).",Perform comprehensive multi-temporal optical imagery inspection (Sentinel-2 / Google Earth) to determine site activity.,22.80832,72.51103
172,FIRMS_0102,71,Ambiguous (Review Required),Ambiguous,"Intermediate proximity (2653m) or mixed spectral signals (NDVI 0.16, NDBI 0.11, FRP 5.38MW).",Perform comprehensive multi-temporal optical imagery inspection (Sentinel-2 / Google Earth) to determine site activity.,23.04877,72.3171
173,FIRMS_0103,72,Ambiguous (Review Required),Ambiguous,"Intermediate proximity (1326m) or mixed spectral signals (NDVI 0.22, NDBI 0.02, FRP 0.59MW).",Perform comprehensive multi-temporal optical imagery inspection (Sentinel-2 / Google Earth) to determine site activity.,22.96495,72.54324
174,FIRMS_0104,73,Ambiguous (Review Required),Ambiguous,"Intermediate proximity (2102m) or mixed spectral signals (NDVI 0.28, NDBI 0.12, FRP 10.27MW).",Perform comprehensive multi-temporal optical imagery inspection (Sentinel-2 / Google Earth) to determine site activity.,23.03078,72.3464
175,FIRMS_0106,75,Ambiguous (Review Required),Ambiguous,"Intermediate proximity (1112m) or mixed spectral signals (NDVI 0.55, NDBI -0.00, FRP 1.27MW).",Perform comprehensive multi-temporal optical imagery inspection (Sentinel-2 / Google Earth) to determine site activity.,22.99735,72.49593
176,FIRMS_0107,76,Ambiguous (Review Required),Ambiguous,"Intermediate proximity (845m) or mixed spectral signals (NDVI 0.44, NDBI -0.00, FRP 5.70MW).",Perform comprehensive multi-temporal optical imagery inspection (Sentinel-2 / Google Earth) to determine site activity.,23.18023,72.4329
177,FIRMS_0113,79,Ambiguous (Review Required),Ambiguous,"Intermediate proximity (4566m) or mixed spectral signals (NDVI 0.20, NDBI 0.29, FRP 6.10MW).",Perform comprehensive multi-temporal optical imagery inspection (Sentinel-2 / Google Earth) to determine site activity.,23.14291,72.34533
178,FIRMS_0123,84,Ambiguous (Review Required),Ambiguous,"Intermediate proximity (753m) or mixed spectral signals (NDVI 0.21, NDBI 0.24, FRP 2.46MW).",Perform comprehensive multi-temporal optical imagery inspection (Sentinel-2 / Google Earth) to determine site activity.,22.95196,72.56094
179,FIRMS_0124,85,Ambiguous (Review Required),Ambiguous,"Intermediate proximity (1017m) or mixed spectral signals (NDVI 0.42, NDBI 0.01, FRP 2.55MW).",Perform comprehensive multi-temporal optical imagery inspection (Sentinel-2 / Google Earth) to determine site activity.,22.99586,72.54735
180,FIRMS_0127,87,Ambiguous (Review Required),Ambiguous,"Intermediate proximity (4588m) or mixed spectral signals (NDVI 0.14, NDBI 0.22, FRP 2.51MW).",Perform comprehensive multi-temporal optical imagery inspection (Sentinel-2 / Google Earth) to determine site activity.,22.92534,72.27306
181,FIRMS_0135,92,Ambiguous (Review Required),Ambiguous,"Intermediate proximity (1514m) or mixed spectral signals (NDVI 0.23, NDBI 0.11, FRP 6.27MW).",Perform comprehensive multi-temporal optical imagery inspection (Sentinel-2 / Google Earth) to determine site activity.,23.07626,72.48165
182,FIRMS_0138,93,Ambiguous (Review Required),Ambiguous,"Intermediate proximity (2703m) or mixed spectral signals (NDVI 0.12, NDBI 0.16, FRP 13.70MW).",Perform comprehensive multi-temporal optical imagery inspection (Sentinel-2 / Google Earth) to determine site activity.,22.83576,72.56556
183,FIRMS_0144,96,Ambiguous (Review Required),Ambiguous,"Intermediate proximity (1941m) or mixed spectral signals (NDVI 0.18, NDBI 0.14, FRP 4.84MW).",Perform comprehensive multi-temporal optical imagery inspection (Sentinel-2 / Google Earth) to determine site activity.,23.01009,72.39418
184,FIRMS_0149,99,Ambiguous (Review Required),Ambiguous,"Intermediate proximity (2590m) or mixed spectral signals (NDVI 0.01, NDBI 0.09, FRP 4.35MW).",Perform comprehensive multi-temporal optical imagery inspection (Sentinel-2 / Google Earth) to determine site activity.,23.14301,72.55698
185,FIRMS_0151,100,Ambiguous (Review Required),Ambiguous,"Intermediate proximity (3699m) or mixed spectral signals (NDVI 0.16, NDBI 0.13, FRP 10.24MW).",Perform comprehensive multi-temporal optical imagery inspection (Sentinel-2 / Google Earth) to determine site activity.,22.86737,72.53522
186,FIRMS_0161,106,Ambiguous (Review Required),Ambiguous,"Intermediate proximity (1666m) or mixed spectral signals (NDVI 0.13, NDBI 0.16, FRP 4.78MW).",Perform comprehensive multi-temporal optical imagery inspection (Sentinel-2 / Google Earth) to determine site activity.,23.08735,72.64814
187,FIRMS_0165,109,Ambiguous (Review Required),Ambiguous,"Intermediate proximity (135m) or mixed spectral signals (NDVI 0.08, NDBI 0.04, FRP 1.14MW).",Perform comprehensive multi-temporal optical imagery inspection (Sentinel-2 / Google Earth) to determine site activity.,23.02881,72.27522
188,FIRMS_0166,110,Ambiguous (Review Required),Ambiguous,"Intermediate proximity (404m) or mixed spectral signals (NDVI 0.16, NDBI 0.16, FRP 0.83MW).",Perform comprehensive multi-temporal optical imagery inspection (Sentinel-2 / Google Earth) to determine site activity.,23.03378,72.27535
189,FIRMS_0167,111,Ambiguous (Review Required),Ambiguous,"Intermediate proximity (3093m) or mixed spectral signals (NDVI 0.20, NDBI 0.10, FRP 7.92MW).",Perform comprehensive multi-temporal optical imagery inspection (Sentinel-2 / Google Earth) to determine site activity.,22.91651,72.39276
190,FIRMS_0168,112,Ambiguous (Review Required),Ambiguous,"Intermediate proximity (2447m) or mixed spectral signals (NDVI 0.29, NDBI 0.07, FRP 9.16MW).",Perform comprehensive multi-temporal optical imagery inspection (Sentinel-2 / Google Earth) to determine site activity.,22.99721,72.47493
191,FIRMS_0169,113,Ambiguous (Review Required),Ambiguous,"Intermediate proximity (575m) or mixed spectral signals (NDVI 0.19, NDBI 0.13, FRP 1.24MW).",Perform comprehensive multi-temporal optical imagery inspection (Sentinel-2 / Google Earth) to determine site activity.,22.89622,72.43168
192,FIRMS_0172,115,Ambiguous (Review Required),Ambiguous,"Intermediate proximity (4136m) or mixed spectral signals (NDVI 0.14, NDBI 0.22, FRP 13.22MW).",Perform comprehensive multi-temporal optical imagery inspection (Sentinel-2 / Google Earth) to determine site activity.,22.77143,72.3934
193,FIRMS_0181,121,Ambiguous (Review Required),Ambiguous,"Intermediate proximity (2387m) or mixed spectral signals (NDVI 0.16, NDBI 0.22, FRP 0.93MW).",Perform comprehensive multi-temporal optical imagery inspection (Sentinel-2 / Google Earth) to determine site activity.,22.76736,72.29189
194,FIRMS_0182,122,Ambiguous (Review Required),Ambiguous,"Intermediate proximity (310m) or mixed spectral signals (NDVI 0.22, NDBI 0.16, FRP 0.68MW).",Perform comprehensive multi-temporal optical imagery inspection (Sentinel-2 / Google Earth) to determine site activity.,22.91299,72.44592
195,FIRMS_0184,123,Ambiguous (Review Required),Ambiguous,"Intermediate proximity (4997m) or mixed spectral signals (NDVI 0.19, NDBI 0.08, FRP 4.52MW).",Perform comprehensive multi-temporal optical imagery inspection (Sentinel-2 / Google Earth) to determine site activity.,22.80524,72.28105
196,FIRMS_0185,124,Ambiguous (Review Required),Ambiguous,"Intermediate proximity (364m) or mixed spectral signals (NDVI 0.37, NDBI -0.07, FRP 2.49MW).",Perform comprehensive multi-temporal optical imagery inspection (Sentinel-2 / Google Earth) to determine site activity.,22.88043,72.5886
197,FIRMS_0192,128,Ambiguous (Review Required),Ambiguous,"Intermediate proximity (1237m) or mixed spectral signals (NDVI 0.28, NDBI -0.01, FRP 1.29MW).",Perform comprehensive multi-temporal optical imagery inspection (Sentinel-2 / Google Earth) to determine site activity.,22.97136,72.29837
198,FIRMS_0194,129,Ambiguous (Review Required),Ambiguous,"Intermediate proximity (6080m) or mixed spectral signals (NDVI 0.18, NDBI 0.18, FRP 3.15MW).",Perform comprehensive multi-temporal optical imagery inspection (Sentinel-2 / Google Earth) to determine site activity.,22.81406,72.27465
199,FIRMS_0195,130,Ambiguous (Review Required),Ambiguous,"Intermediate proximity (5542m) or mixed spectral signals (NDVI 0.18, NDBI 0.10, FRP 2.37MW).",Perform comprehensive multi-temporal optical imagery inspection (Sentinel-2 / Google Earth) to determine site activity.,22.81517,72.28223
200,FIRMS_0196,131,Ambiguous (Review Required),Ambiguous,"Intermediate proximity (2888m) or mixed spectral signals (NDVI 0.17, NDBI 0.12, FRP 8.97MW).",Perform comprehensive multi-temporal optical imagery inspection (Sentinel-2 / Google Earth) to determine site activity.,22.88746,72.6228
201,FIRMS_0198,132,Ambiguous (Review Required),Ambiguous,"Intermediate proximity (80m) or mixed spectral signals (NDVI 0.11, NDBI 0.16, FRP 0.71MW).",Perform comprehensive multi-temporal optical imagery inspection (Sentinel-2 / Google Earth) to determine site activity.,22.97047,72.55386
202,FIRMS_0199,133,Ambiguous (Review Required),Ambiguous,"Intermediate proximity (2152m) or mixed spectral signals (NDVI 0.15, NDBI 0.14, FRP 3.73MW).",Perform comprehensive multi-temporal optical imagery inspection (Sentinel-2 / Google Earth) to determine site activity.,22.84821,72.34388
