latitude,longitude,bright_ti4,scan,track,acq_date,acq_time,satellite,instrument,confidence,version,bright_ti5,frp,daynight,type,index_right,osm_id,nearest_industry_name,nearest_industry_type,nearest_landuse,nearest_man_made,nearest_power,nearest_industry_distance_m,industries_within_500m,industries_within_1km,industries_within_2km,nearest_industry_distance_km,NDVI,NDBI,NDWI
22.91167,72.26035,343.98,0.34,0.56,2026-03-01,859,N20,VIIRS,n,2,302.65,5.18,D,0,411,1319229897,,,industrial,,,5783.87,0,0,0,5.784,0.29712301587301587,0.040543019629425796,-0.3763157894736842
22.91384,72.25944,344.78,0.34,0.56,2026-03-01,859,N20,VIIRS,n,2,302.11,4.83,D,0,411,1319229897,,,industrial,,,5537.88,0,0,0,5.538,0.6282404853833425,-0.1596935769004125,-0.5718849840255591
22.85421,72.43613,339.01,0.38,0.36,2026-03-03,821,N20,VIIRS,n,2,307.47,2.23,D,0,244,871663117,,,industrial,,,3044.03,0,0,0,3.044,0.3535741737125288,0.06751389992057188,-0.4583850931677019
23.12461,72.55163,345.69,0.54,0.42,2026-03-04,802,N20,VIIRS,n,2,315.97,10.64,D,0,111,487641391,,,industrial,,,2390.24,0,0,0,2.39,0.31902294596595115,0.1849988566201692,-0.44525547445255476
22.95972,72.54742,309.14,0.57,0.43,2026-03-04,2030,N20,VIIRS,n,2,298.47,1.77,N,0,76,321136520,Piplaj,,industrial,,,1091.39,0,0,5,1.091,0.16821917808219178,0.14992025518341306,-0.2984165651644336
22.97956,72.56829,305.71,0.42,0.45,2026-03-07,2114,N20,VIIRS,n,2,294.78,0.97,N,2,226,730859587,,,industrial,,,175.79,1,3,8,0.176,0.19050410316529895,0.08327691266079891,-0.312015503875969
23.02011,72.61412,315.38,0.42,0.45,2026-03-07,2114,N20,VIIRS,n,2,296.19,1.66,N,0,403,1307501936,,,industrial,,,546.81,0,5,14,0.547,0.10873630777451242,0.08063801506424458,-0.1644219977553311
22.86525,72.4506,340.32,0.4,0.37,2026-03-08,827,N20,VIIRS,l,2,311.07,5.14,D,0,244,871663117,,,industrial,,,4200.8,0,0,0,4.201,0.44094094094094094,-0.06118687799483966,-0.5041797283176593
22.91476,72.33144,333.45,0.46,0.39,2026-03-09,808,N20,VIIRS,n,2,307.22,2.35,D,0,242,871663114,,,industrial,,,4575.02,0,0,0,4.575,0.6911018902720147,-0.36407586463369285,-0.5695335900727428
22.91593,72.32841,336.6,0.46,0.39,2026-03-09,809,N20,VIIRS,n,2,308.55,3.78,D,0,242,871663114,,,industrial,,,4860.42,0,0,0,4.86,0.5455278001611603,-0.11619786614936954,-0.5725608089641979
22.92537,72.74552,318.79,0.46,0.39,2026-03-09,2037,N20,VIIRS,n,2,294.29,1.74,N,0,215,668426252,,,industrial,,,6588.19,0,0,0,6.588,0.2711819389110226,0.05601577909270217,-0.3990061385559778
22.983,72.56574,318.57,0.6,0.53,2026-03-10,2018,N20,VIIRS,n,2,297.05,3.52,N,0,79,321136523,,,industrial,,,497.34,1,3,8,0.497,0.12461837357757424,0.14748579844308857,-0.27783033743298646
22.98615,72.56622,315.64,0.6,0.53,2026-03-10,2018,N20,VIIRS,n,2,296.68,3.2,N,0,72,321136515,,,industrial,,,239.19,2,3,8,0.239,0.23482681919288212,0.06225868725868726,-0.3340199107449365
22.97836,72.562,308.1,0.52,0.67,2026-03-11,2139,N20,VIIRS,n,2,294.6,1.63,N,2,44,137989387,,,industrial,,,645.02,0,2,7,0.645,0.6661631419939577,-0.26273611906124783,-0.5723449750534568
22.97905,72.56561,310.2,0.52,0.67,2026-03-11,2139,N20,VIIRS,n,2,296.17,1.81,N,2,226,730859587,,,industrial,,,325.27,1,3,7,0.325,0.08531468531468532,0.13004484304932734,-0.2024793388429752
22.95616,72.74741,338.35,0.46,0.39,2026-03-13,834,N20,VIIRS,l,2,311.2,1.65,D,0,215,668426252,,,industrial,,,3560.47,0,0,0,3.56,0.42812303829252984,0.10327158060701616,-0.48984937786509497
22.96043,72.59915,308.5,0.41,0.37,2026-03-14,2043,N20,VIIRS,n,2,294.28,1.08,N,0,25,6445035685,Reliance resin industries,,,works,,272.44,1,1,4,0.272,0.16139076284379866,-0.011601627241223444,-0.3263532200711181
22.77944,72.45569,335.77,0.45,0.47,2026-03-15,756,N20,VIIRS,n,2,309.3,3.86,D,0,231,871656251,,,industrial,,,8189.75,0,0,0,8.19,0.22466260915586134,0.14533702677746999,-0.3548009367681499
22.7803,72.46003,342.04,0.45,0.47,2026-03-15,756,N20,VIIRS,n,2,308.31,4.72,D,0,231,871656251,,,industrial,,,8571.02,0,0,0,8.571,0.1789614441720526,0.10064603876232574,-0.29213483146067415
22.7951,72.43128,331.57,0.45,0.63,2026-03-16,737,N20,VIIRS,l,2,305.95,4.7,D,0,231,871656251,,,industrial,,,5256.66,0,0,0,5.257,0.375077495350279,0.027192982456140352,-0.4374594944912508
22.97734,72.56386,305.8,0.65,0.73,2026-03-16,2146,N20,VIIRS,n,2,290.98,0.79,N,2,226,730859587,,,industrial,,,488.45,1,2,7,0.488,0.15706806282722513,0.19514415781487102,-0.2509433962264151
22.98167,72.5658,307.3,0.65,0.73,2026-03-16,2146,N20,VIIRS,n,2,291.41,1.23,N,2,226,730859587,,,industrial,,,496.47,1,3,9,0.496,0.13701923076923078,0.13764813126709208,-0.2814087368777514
22.78164,72.53414,367.0,0.35,0.57,2026-03-17,859,N20,VIIRS,h,2,312.65,5.1,D,0,224,674885115,,,industrial,,,4065.17,0,0,0,4.065,0.2024091987588976,0.09168619881428375,-0.3314470493128537
22.95061,72.41132,334.64,0.34,0.56,2026-03-17,859,N20,VIIRS,n,2,304.62,2.35,D,0,147,651103946,,,industrial,,,3909.09,0,0,0,3.909,0.3772545090180361,0.11650329423107826,-0.47123360984747126
23.24492,72.43323,340.61,0.35,0.57,2026-03-17,859,N20,VIIRS,n,2,309.36,2.48,D,0,448,13478804,,,,,generator,7487.08,0,0,0,7.487,0.3308270676691729,0.04379702874782944,-0.4172147555047183
22.83764,72.38744,336.83,0.52,0.42,2026-03-18,840,N20,VIIRS,n,2,309.87,2.16,D,0,144,651103938,,,industrial,,,1606.98,0,0,5,1.607,0.18075855689176687,0.10503435703267423,-0.35097375105842504
22.95463,72.41178,339.93,0.53,0.42,2026-03-18,840,N20,VIIRS,n,2,311.32,6.52,D,0,147,651103946,,,industrial,,,4306.93,0,0,0,4.307,0.20651602732527588,0.28739913097454994,-0.3442622950819672
22.95612,72.40912,339.78,0.53,0.42,2026-03-18,840,N20,VIIRS,l,2,311.35,6.91,D,0,147,651103946,,,industrial,,,4559.45,0,0,0,4.559,0.22602739726027396,0.21663019693654267,-0.34474123539232054
23.02453,72.59813,335.73,0.54,0.42,2026-03-18,840,N20,VIIRS,l,2,309.61,3.01,D,0,405,1307916508,,,industrial,,,769.11,0,2,13,0.769,0.07596172622534661,0.08426125976400199,-0.1328125
22.80784,72.5648,302.61,0.39,0.36,2026-03-19,2049,N20,VIIRS,n,2,289.82,0.28,N,0,49,197365170,,,industrial,,,2918.5,0,0,0,2.919,0.44398340248962653,0.08970610863209724,-0.5322455322455323
22.97388,72.81726,301.26,0.55,0.43,2026-03-20,2030,N20,VIIRS,n,2,290.11,0.46,N,0,194,663105999,,,industrial,,,1364.66,0,0,1,1.365,0.7665742374590371,-0.22732049036777582,-0.7159647404505387
22.75499,72.32404,336.84,0.37,0.58,2026-03-21,744,N20,VIIRS,n,2,294.74,3.07,D,0,328,920069480,,,industrial,,,1067.87,0,0,4,1.068,0.2892561983471074,0.04755784061696658,-0.4430379746835443
22.97641,72.43799,342.65,0.36,0.57,2026-03-21,744,N20,VIIRS,n,2,297.32,3.07,D,0,129,651103905,,,industrial,,,3921.34,0,0,0,3.921,0.5028248587570622,-0.14556416881998277,-0.535205848403232
22.97737,72.4377,340.43,0.36,0.57,2026-03-21,744,N20,VIIRS,n,2,296.42,2.5,D,0,129,651103905,,,industrial,,,4011.53,0,0,0,4.012,0.8736039226368837,-0.3923076923076923,-0.7883515340613625
22.79262,72.49578,340.71,0.44,0.62,2026-03-22,905,N20,VIIRS,n,2,302.45,5.37,D,0,224,674885115,,,industrial,,,8168.81,0,0,0,8.169,0.15891341256366723,0.08694489031567683,-0.31648987463837996
22.79391,72.49732,330.15,0.44,0.62,2026-03-22,905,N20,VIIRS,l,2,301.32,2.94,D,0,224,674885115,,,industrial,,,8075.11,0,0,0,8.075,0.2693120450810049,0.07209062821833162,-0.36343001261034047
22.85634,72.61441,337.89,0.45,0.63,2026-03-22,905,N20,VIIRS,n,2,299.87,3.55,D,0,166,653193658,,,industrial,,,1330.41,0,0,3,1.33,0.4161290322580645,0.027326440177252585,-0.4633333333333333
22.86575,72.52106,330.57,0.44,0.62,2026-03-22,905,N20,VIIRS,l,2,302.21,2.67,D,0,200,663471281,,,industrial,,,5134.47,0,0,0,5.134,0.20373250388802489,0.29572338489535943,-0.32837528604118993
22.96972,72.30669,333.33,0.43,0.62,2026-03-22,905,N20,VIIRS,n,2,302.13,5.42,D,0,330,920069485,,,,works,,2028.27,0,0,0,2.028,0.12280701754385964,-0.03294509151414309,-0.16102487376098748
22.97167,72.30365,341.38,0.43,0.62,2026-03-22,905,N20,VIIRS,n,2,303.44,2.38,D,0,330,920069485,,,,works,,1649.78,0,0,3,1.65,0.1686377573368375,0.26864035087719296,-0.2771661081857348
23.16089,72.2728,332.07,0.43,0.62,2026-03-22,905,N20,VIIRS,n,2,299.67,1.59,D,0,431,1381311459,,,industrial,,,8715.84,0,0,0,8.716,0.7577478116867755,-0.22083470259612226,-0.6358432408630559
23.20924,72.2981,345.39,0.43,0.62,2026-03-22,905,N20,VIIRS,n,2,300.32,3.48,D,0,431,1381311459,,,industrial,,,5038.44,0,0,0,5.038,0.2865566037735849,0.11570415400202634,-0.36417630509534227
23.21135,72.29937,352.51,0.43,0.62,2026-03-22,905,N20,VIIRS,n,2,301.66,5.22,D,0,431,1381311459,,,industrial,,,4962.7,0,0,0,4.963,0.10681907765076862,0.15915556220991167,-0.20852162685603615
22.81513,72.38505,342.66,0.43,0.46,2026-03-23,846,N20,VIIRS,n,2,307.47,7.84,D,0,230,871656250,,,industrial,,,795.57,0,3,3,0.796,0.1462140992167102,0.2167707404103479,-0.2949852507374631
22.81946,72.4229,331.75,0.43,0.46,2026-03-23,846,N20,VIIRS,l,2,303.32,2.74,D,0,231,871656251,,,industrial,,,4436.1,0,0,0,4.436,0.5131123206333498,0.013548387096774193,-0.5305305305305306
22.93538,72.38679,341.58,0.43,0.46,2026-03-23,846,N20,VIIRS,n,2,307.54,3.66,D,0,147,651103946,,,industrial,,,4462.78,0,0,0,4.463,0.16659017898118403,0.31222943722943725,-0.31573498964803315
22.94121,72.43755,337.01,0.43,0.46,2026-03-23,846,N20,VIIRS,n,2,303.85,3.44,D,0,257,871663130,,,,works,,1275.92,0,0,7,1.276,0.3883417620441842,0.06740568567852673,-0.4742792538157151
22.94282,72.48921,337.89,0.44,0.46,2026-03-23,846,N20,VIIRS,n,2,307.64,7.92,D,0,150,651103952,,,industrial,,,2141.48,0,0,0,2.141,0.15183571873055382,0.2093122597180692,-0.27129120879120877
22.9433,72.4935,347.87,0.44,0.46,2026-03-23,846,N20,VIIRS,n,2,306.96,7.92,D,0,150,651103952,,,industrial,,,2375.75,0,0,0,2.376,0.12779417967102488,0.3072538860103627,-0.23510392609699768
22.94755,72.49294,332.92,0.44,0.46,2026-03-23,846,N20,VIIRS,l,2,305.36,7.92,D,0,150,651103952,,,industrial,,,2014.24,0,0,0,2.014,0.12168053904082442,0.28787116255661804,-0.22616984402079723
22.98929,72.44418,332.33,0.44,0.46,2026-03-23,846,N20,VIIRS,l,2,305.78,5.06,D,0,153,651103958,,,industrial,,,4302.94,0,0,0,4.303,0.1814385150812065,0.2856341189674523,-0.31169500257599175
22.97839,72.56555,312.46,0.42,0.45,2026-03-23,2114,N20,VIIRS,n,2,290.99,1.32,N,2,226,730859587,,,industrial,,,312.77,1,3,7,0.313,0.07346647646219687,0.15043748235958226,-0.17348927875243664
22.9001,72.54078,338.29,0.46,0.39,2026-03-25,809,N20,VIIRS,l,2,313.2,4.95,D,0,200,663471281,,,industrial,,,3707.3,0,0,0,3.707,0.5249679897567221,0.02055921052631579,-0.5568627450980392
22.90485,72.6528,343.68,0.45,0.39,2026-03-25,809,N20,VIIRS,n,2,305.4,5.74,D,0,196,663457137,,,industrial,,,2001.32,0,0,0,2.001,0.12307348670985034,0.14649465286029537,-0.2523038605230386
23.15413,72.45323,305.62,0.48,0.4,2026-03-25,2037,N20,VIIRS,n,2,288.62,0.88,N,0,343,920078109,,,,works,,434.21,1,8,24,0.434,0.5356019445238777,-0.01206181681115718,-0.5529207634470792
22.81597,72.42524,340.21,0.57,0.52,2026-03-26,750,N20,VIIRS,n,2,306.28,6.63,D,0,231,871656251,,,industrial,,,4567.73,0,0,0,4.568,0.39752407152682256,0.12338222605694564,-0.46962391513982643
22.77055,72.26617,342.71,0.59,0.7,2026-03-27,731,N20,VIIRS,n,2,300.3,5.74,D,0,155,651106993,,,industrial,,,4721.89,0,0,0,4.722,0.1659087081017349,0.04007765913188185,-0.33939628482972134
22.77288,72.2662,346.77,0.58,0.7,2026-03-27,731,N20,VIIRS,n,2,299.25,7.43,D,0,155,651106993,,,industrial,,,4843.12,0,0,0,4.843,0.20417168070597674,0.08069208390751799,-0.37517178195144296
22.82045,72.5416,330.62,0.56,0.69,2026-03-27,912,N20,VIIRS,l,2,301.69,3.76,D,0,49,197365170,,,industrial,,,4775.49,0,0,0,4.775,0.14544650751547303,0.1671488267438123,-0.25350749879051765
23.01342,72.28349,339.03,0.54,0.68,2026-03-27,912,N20,VIIRS,n,2,300.99,3.09,D,0,297,920036328,,,,works,,922.53,0,1,23,0.923,0.0011280315848843769,0.044671689989235736,-0.04181951577402788
23.05063,72.27502,339.35,0.54,0.68,2026-03-27,912,N20,VIIRS,n,2,300.36,4.43,D,0,211,663776377,,,industrial,,,1771.81,0,0,2,1.772,0.7550260610573343,-0.329385222786238,-0.629450397511234
23.21547,72.43324,330.37,0.55,0.68,2026-03-27,912,N20,VIIRS,l,2,300.86,3.58,D,0,448,13478804,,,,,generator,4253.98,0,0,0,4.254,0.33648474430597336,0.0011241368235105186,-0.4718409843823947
22.98062,72.56441,305.97,0.52,0.67,2026-03-27,2139,N20,VIIRS,n,2,294.65,1.5,N,2,226,730859587,,,industrial,,,516.34,0,4,9,0.516,0.1273854961832061,0.14275349174678034,-0.2680440032197478
22.95219,72.40082,331.98,0.54,0.51,2026-03-28,853,N20,VIIRS,n,2,301.5,3.98,D,0,147,651103946,,,industrial,,,4581.92,0,0,0,4.582,0.18594594594594593,0.16498572787821122,-0.3024636390620362
23.0425,72.33364,345.96,0.54,0.51,2026-03-28,853,N20,VIIRS,n,2,301.73,12.56,D,0,209,663762914,,,industrial,,,2410.09,0,0,0,2.41,0.5013477088948787,-0.04916180071576568,-0.552396878483835
23.04304,72.33891,343.78,0.54,0.51,2026-03-28,853,N20,VIIRS,n,2,304.44,12.56,D,0,209,663762914,,,industrial,,,2670.75,0,0,0,2.671,0.2153256704980843,0.21653219166803886,-0.3961267605633803
23.04467,72.33624,367.0,0.54,0.51,2026-03-28,853,N20,VIIRS,h,2,304.55,21.75,D,0,209,663762914,,,industrial,,,2723.66,0,0,0,2.724,0.1540923639689072,0.08506524891251813,-0.3482905982905983
23.13341,72.34417,342.59,0.54,0.51,2026-03-28,853,N20,VIIRS,n,2,301.31,5.12,D,0,430,1378877884,,,industrial,,,5611.87,0,0,0,5.612,0.5827746260959258,-0.1043540842029507,-0.5926310326933056
23.14455,72.31611,340.29,0.54,0.51,2026-03-28,853,N20,VIIRS,n,2,300.68,4.98,D,0,430,1378877884,,,industrial,,,6006.32,0,0,0,6.006,0.31094658910629297,0.17366666666666666,-0.4362688296639629
23.14731,72.31373,332.81,0.54,0.51,2026-03-28,853,N20,VIIRS,n,2,297.94,4.67,D,0,430,1378877884,,,industrial,,,5980.01,0,0,0,5.98,0.17494949494949494,0.11758458504020634,-0.28986471501441563
22.99295,72.67189,304.41,0.53,0.5,2026-03-28,2121,N20,VIIRS,n,2,292.97,1.08,N,0,372,1222271351,Vastral Bus Depot,bus_depot,industrial,,,2176.93,0,0,0,2.177,0.2448361332966125,0.16218721037998146,-0.3950617283950617
22.83125,72.57391,341.08,0.45,0.39,2026-03-29,834,N20,VIIRS,n,2,307.79,4.38,D,0,49,197365170,,,industrial,,,1711.19,0,0,1,1.711,0.199203187250996,0.12168077035307849,-0.3629160063391442
22.8515,72.48209,336.4,0.45,0.39,2026-03-29,834,N20,VIIRS,n,2,305.29,3.65,D,0,13,4398393889,Shri Raj meatal,,,works,,7391.68,0,0,0,7.392,0.24912135621252843,0.07402298850574712,-0.3992589161648912
22.88402,72.64179,338.0,0.45,0.39,2026-03-29,834,N20,VIIRS,n,2,305.26,2.63,D,0,196,663457137,,,industrial,,,3683.12,0,0,0,3.683,0.22822920038847525,0.16834721613327489,-0.3420587194906261
22.88669,72.64285,339.23,0.45,0.39,2026-03-29,834,N20,VIIRS,n,2,306.86,3.88,D,0,196,663457137,,,industrial,,,3437.57,0,0,0,3.438,0.21084203510331037,0.12139287441560535,-0.31167268351383876
23.24766,72.26569,338.67,0.44,0.38,2026-03-29,834,N20,VIIRS,n,2,301.42,2.82,D,0,350,973430690,Shiyapura Hydro Power Plant No.1,,industrial,,plant,7504.92,0,0,0,7.505,0.16386969397828233,0.08082120582120582,-0.3402804092459265
22.7878,72.48606,340.11,0.41,0.37,2026-03-30,815,N20,VIIRS,l,2,311.42,5.51,D,0,224,674885115,,,industrial,,,8948.54,0,0,0,8.949,0.16271299699298364,0.2613033326257695,-0.3181818181818182
22.87034,72.6946,338.93,0.4,0.37,2026-03-30,815,N20,VIIRS,l,2,311.13,5.43,D,0,196,663457137,,,industrial,,,4193.92,0,0,0,4.194,0.3280531425651507,0.06173285198555957,-0.4422863485016648
22.90777,72.27724,344.97,0.41,0.37,2026-03-30,815,N20,VIIRS,n,2,313.2,5.07,D,0,411,1319229897,,,industrial,,,6562.36,0,0,0,6.562,0.23223753976670203,0.09147771696637999,-0.3761250592136428
22.91181,72.28054,337.24,0.41,0.37,2026-03-30,815,N20,VIIRS,l,2,309.96,5.07,D,0,411,1319229897,,,industrial,,,6267.52,0,0,0,6.268,0.5646704949412087,0.009691934925579786,-0.5464864864864865
22.91519,72.27989,343.9,0.41,0.37,2026-03-30,815,N20,VIIRS,n,2,308.71,5.4,D,0,411,1319229897,,,industrial,,,5897.89,0,0,0,5.898,0.1737689393939394,0.22031766000943545,-0.3023377987916995
22.94102,72.52146,340.12,0.45,0.47,2026-03-31,756,N20,VIIRS,n,2,304.95,4.33,D,0,75,321136519,,,industrial,,,3297.65,0,0,0,3.298,0.1844144343590879,0.1614420062695925,-0.35580334515965534
23.0004,72.32112,330.95,0.46,0.63,2026-04-01,737,N20,VIIRS,l,2,304.52,1.22,D,0,47,196518647,,,industrial,,,2317.72,0,0,0,2.318,0.22242221650809976,0.15843512126040007,-0.34104372355430185
23.07302,72.31764,334.02,0.46,0.63,2026-04-01,738,N20,VIIRS,l,2,305.2,3.82,D,0,432,1392906565,Canal Solar Power Project,,,,plant,1921.79,0,0,9,1.922,0.1891332470892626,0.170995670995671,-0.300509337860781
22.84739,72.51508,347.67,0.35,0.56,2026-04-02,859,N20,VIIRS,n,2,306.38,3.94,D,0,200,663471281,,,industrial,,,6553.87,0,0,0,6.554,0.2524485308814711,0.12461581447331657,-0.4144469525959368
22.87535,72.47784,334.26,0.34,0.56,2026-04-02,859,N20,VIIRS,n,2,303.57,4.09,D,0,13,4398393889,Shri Raj meatal,,,works,,5210.27,0,0,0,5.21,0.18710224862112856,0.2120529428330048,-0.34325492078732595
23.23714,72.30925,340.62,0.34,0.56,2026-04-02,859,N20,VIIRS,n,2,307.91,2.55,D,0,350,973430690,Shiyapura Hydro Power Plant No.1,,industrial,,plant,3111.58,0,0,0,3.112,0.27048494983277593,0.0813180169286578,-0.41348837209302325
23.03316,72.45387,334.41,0.53,0.42,2026-04-03,840,N20,VIIRS,n,2,289.49,5.46,D,0,285,920032697,,,industrial,,,2456.49,0,0,0,2.456,0.09392876914559882,0.052581109157743326,-0.18654923939151322
22.93506,72.25756,338.4,0.57,0.43,2026-04-05,803,N20,VIIRS,n,2,307.26,3.44,D,0,411,1319229897,,,industrial,,,3179.84,0,0,0,3.18,0.6717495987158909,-0.16596697453120626,-0.6350078492935636
23.21997,72.28629,342.66,0.56,0.43,2026-04-05,803,N20,VIIRS,n,2,312.71,12.36,D,0,350,973430690,Shiyapura Hydro Power Plant No.1,,industrial,,plant,5980.42,0,0,0,5.98,0.17757774140752863,0.1476380867762476,-0.3250460405156538
23.11073,72.68373,335.18,0.34,0.56,2026-04-06,744,N20,VIIRS,n,2,305.64,5.25,D,0,67,321003785,,,industrial,,,1923.66,0,0,1,1.924,0.4545877969259432,0.018387553041018388,-0.5127149430854928
23.11145,72.687,367.0,0.34,0.56,2026-04-06,744,N20,VIIRS,h,2,305.37,5.25,D,0,67,321003785,,,industrial,,,2217.75,0,0,0,2.218,0.37231612608497033,0.03779628443305574,-0.4812623274161736
22.9166,72.2655,338.38,0.42,0.61,2026-04-07,905,N20,VIIRS,n,2,293.48,6.01,D,0,411,1319229897,,,industrial,,,5307.08,0,0,0,5.307,0.29979035639413,0.1698744769874477,-0.40789100198694295
22.98144,72.56304,304.68,0.41,0.61,2026-04-07,2133,N20,VIIRS,n,2,291.02,0.88,N,2,226,730859587,,,industrial,,,683.64,0,3,9,0.684,0.5050505050505051,-0.05510068599247621,-0.5017322834645669
22.85114,72.42912,339.79,0.43,0.46,2026-04-08,846,N20,VIIRS,n,2,307.57,3.41,D,0,244,871663117,,,industrial,,,2633.57,0,0,0,2.634,0.36376083979917845,0.04046242774566474,-0.43378119001919385
22.89433,72.50488,335.81,0.44,0.46,2026-04-08,846,N20,VIIRS,l,2,308.14,2.95,D,0,256,871663129,,,,works,,6141.7,0,0,0,6.142,0.20032051282051283,0.14314314314314314,-0.3574988672405981
22.89587,72.33046,339.64,0.43,0.46,2026-04-08,846,N20,VIIRS,n,2,303.6,3.08,D,0,242,871663114,,,industrial,,,3160.76,0,0,0,3.161,0.6404663407295976,-0.18436057561770297,-0.5815808556925308
22.97749,72.56292,310.99,0.41,0.45,2026-04-08,2115,N20,VIIRS,n,2,293.68,0.98,N,2,226,730859587,,,industrial,,,582.15,0,2,7,0.582,0.16027088036117382,0.1490066225165563,-0.31602048280907097
22.80832,72.51103,340.13,0.4,0.37,2026-04-09,828,N20,VIIRS,l,2,310.76,5.88,D,0,224,674885115,,,industrial,,,7655.08,0,0,0,7.655,0.15080857465212485,0.2353823088455772,-0.27340823970037453
22.98868,72.41434,337.69,0.4,0.37,2026-04-09,828,N20,VIIRS,l,2,310.07,4.41,D,0,416,1319844105,,,industrial,container_terminal,,5058.6,0,0,0,5.059,0.8027228358592345,-0.27345309381237526,-0.7255962626014261
22.98924,72.41818,337.68,0.4,0.37,2026-04-09,828,N20,VIIRS,n,2,306.25,4.41,D,0,416,1319844105,,,industrial,container_terminal,,5253.21,0,0,0,5.253,0.022199540699157947,-0.05310199789695058,-0.06330457863304578
23.04877,72.3171,342.02,0.39,0.37,2026-04-09,828,N20,VIIRS,n,2,312.62,5.38,D,0,208,663762913,,,industrial,,,2653.28,0,0,0,2.653,0.15578424414478353,0.10521978021978022,-0.31489705288655634
22.96495,72.54324,306.43,0.39,0.36,2026-04-09,2056,N20,VIIRS,n,2,293.66,0.59,N,0,82,326674328,,,industrial,,,1325.84,0,0,5,1.326,0.21567749160134378,0.0249685647566014,-0.2902305681007844
23.03078,72.3464,354.13,0.47,0.39,2026-04-10,809,N20,VIIRS,n,2,318.85,10.27,D,0,447,13207520,,,,,generator,2101.72,0,0,0,2.102,0.2817777777777778,0.12073170731707317,-0.40774487471526194
22.90541,72.431,308.55,0.48,0.4,2026-04-10,2037,N20,VIIRS,n,2,295.17,1.49,N,0,10,4398393389,esdee paints near,,,works,,605.36,0,5,9,0.605,0.024804469273743017,0.17621699299443147,-0.08032979976442874
22.99735,72.49593,305.92,0.48,0.4,2026-04-10,2037,N20,VIIRS,n,2,293.34,1.27,N,0,24,6068260985,Rekson Rediator,,,works,,1111.95,0,0,2,1.112,0.5455271565495208,-0.0041515308770108976,-0.5114235500878734
23.18023,72.4329,342.72,0.57,0.52,2026-04-11,750,N20,VIIRS,n,2,311.81,5.7,D,0,448,13478804,,,,,generator,845.4,0,2,3,0.845,0.43639828489757027,-0.0001658649859014762,-0.4801178203240059
23.14765,72.59921,344.51,0.56,0.51,2026-04-13,853,N20,VIIRS,l,2,316.7,12.75,D,0,417,1328752901,,,industrial,,,2473.92,0,0,0,2.474,0.22432659932659932,0.11553663727576771,-0.3770414201183432
23.1508,72.59597,343.41,0.56,0.51,2026-04-13,853,N20,VIIRS,l,2,316.88,10.48,D,0,417,1328752901,,,industrial,,,2831.25,0,0,0,2.831,0.40161725067385445,-0.00042753313381787086,-0.46158650843222987
22.81889,72.38586,350.82,0.44,0.38,2026-04-14,834,N20,VIIRS,n,2,324.0,13.4,D,0,230,871656250,,,industrial,,,1179.34,0,0,3,1.179,0.24335548172757476,0.1570945945945946,-0.33007552199022655
22.81947,72.39011,347.22,0.44,0.38,2026-04-14,834,N20,VIIRS,l,2,320.52,17.01,D,0,230,871656250,,,industrial,,,1502.4,0,0,3,1.502,0.3676688023656974,0.02081863091037403,-0.4411841080238899
23.08708,72.40451,306.08,0.42,0.38,2026-04-14,2102,N20,VIIRS,n,2,295.79,0.58,N,0,433,1392931398,,,industrial,,,4265.5,0,0,0,4.266,0.2190959409594096,0.17676374396511446,-0.35088167646307183
23.14291,72.34533,345.71,0.46,0.47,2026-04-16,756,N20,VIIRS,n,2,313.7,6.1,D,0,430,1378877884,,,industrial,,,4566.1,0,0,0,4.566,0.19715142428785606,0.29163894433355514,-0.3690527218174025
23.09766,72.35985,332.13,0.46,0.63,2026-04-17,738,N20,VIIRS,l,2,304.33,3.87,D,0,314,920036345,,,industrial,,,5517.76,0,0,0,5.518,0.2501936483346243,0.22066634476098504,-0.3974025974025974
23.09801,72.35852,334.06,0.46,0.63,2026-04-17,738,N20,VIIRS,n,2,306.28,3.02,D,0,314,920036345,,,industrial,,,5576.12,0,0,0,5.576,0.14705882352941177,0.04818523153942428,-0.205229793977813
22.78016,72.34639,344.44,0.33,0.56,2026-04-18,859,N20,VIIRS,n,2,312.61,3.28,D,0,327,920069479,,,industrial,,,883.66,0,1,6,0.884,0.1714129244249726,0.19465361445783133,-0.29205678042887345
22.85525,72.52629,347.69,0.34,0.56,2026-04-18,859,N20,VIIRS,l,2,319.39,7.47,D,0,200,663471281,,,industrial,,,5116.65,0,0,0,5.117,0.21982414068745004,0.08238123872519543,-0.3498452012383901
22.85662,72.52569,349.34,0.34,0.56,2026-04-18,859,N20,VIIRS,n,2,320.8,8.63,D,0,200,663471281,,,industrial,,,5093.38,0,0,0,5.093,0.1492094861660079,0.1775106082036775,-0.2745205479452055
22.97871,72.56477,305.85,0.32,0.55,2026-04-18,2127,N20,VIIRS,n,2,295.17,1.14,N,2,226,730859587,,,industrial,,,397.67,1,3,7,0.398,0.08865248226950355,0.10573842120594232,-0.20486656200941916
22.7823,72.3466,342.18,0.39,0.36,2026-04-20,821,N20,VIIRS,l,2,313.57,27.49,D,0,327,920069479,,,industrial,,,1110.4,0,0,5,1.11,0.41433224755700326,0.12846246487354476,-0.4673876309564042
22.97903,72.56763,312.07,0.39,0.36,2026-04-20,2049,N20,VIIRS,n,2,297.3,1.32,N,2,226,730859587,,,industrial,,,149.8,1,2,7,0.15,0.12305025996533796,0.12685274302213667,-0.24581159022246635
22.95614,72.57651,344.55,0.55,0.43,2026-04-21,803,N20,VIIRS,l,2,316.62,12.87,D,0,74,321136518,,,industrial,,,990.91,0,1,7,0.991,0.22615945805106827,0.1374633431085044,-0.3426533523537803
22.95196,72.56094,310.32,0.39,0.44,2026-04-21,2031,N20,VIIRS,n,2,296.13,2.46,N,0,76,321136520,Piplaj,,industrial,,,752.9,0,2,4,0.753,0.20986483281953996,0.23850746268656717,-0.21969878077934496
22.99586,72.54735,322.87,0.39,0.44,2026-04-21,2031,N20,VIIRS,n,2,297.72,2.55,N,0,376,1304610116,,,industrial,,,1016.9,0,0,1,1.017,0.41976328103495736,0.006739842095128057,-0.4574738626730715
22.92417,72.51684,340.06,0.36,0.57,2026-04-22,744,N20,VIIRS,n,2,312.98,3.5,D,0,75,321136519,,,industrial,,,4061.98,0,0,0,4.062,0.23321708805579774,0.041666666666666664,-0.310632383599722
22.92444,72.51591,343.38,0.36,0.57,2026-04-22,744,N20,VIIRS,n,2,312.95,3.64,D,0,75,321136519,,,industrial,,,4139.34,0,0,0,4.139,0.5329525483304042,-0.12730210016155089,-0.5434638354346384
22.92534,72.27306,338.22,0.37,0.58,2026-04-22,744,N20,VIIRS,l,2,311.25,2.51,D,0,411,1319229897,,,industrial,,,4588.11,0,0,0,4.588,0.1371061843640607,0.22102318145483613,-0.24417491222470475
22.97361,72.55895,340.84,0.44,0.62,2026-04-23,905,N20,VIIRS,l,2,313.57,5.44,D,0,44,137989387,,,industrial,,,77.59,1,3,8,0.078,0.16609485368314833,0.06170834686586554,-0.2865731462925852
23.07861,72.32619,339.18,0.42,0.61,2026-04-23,905,N20,VIIRS,l,2,311.35,6.86,D,0,266,908926064,,,,,generator,2474.71,0,0,0,2.475,0.46367924528301885,0.03061543267728835,-0.5278188084687346
23.08136,72.32452,348.93,0.42,0.61,2026-04-23,905,N20,VIIRS,n,2,312.13,6.46,D,0,266,908926064,,,,,generator,2250.69,0,0,0,2.251,0.31489448883425525,0.08484243547697135,-0.4262222222222222
22.97618,72.56326,309.33,0.4,0.6,2026-04-23,2133,N20,VIIRS,n,2,297.01,1.59,N,2,44,137989387,,,industrial,,,525.2,0,2,7,0.525,0.17073170731707318,0.15323076923076923,-0.30015748031496065
22.83231,72.52499,344.9,0.43,0.46,2026-04-24,846,N20,VIIRS,l,2,319.33,8.25,D,0,49,197365170,,,industrial,,,6553.58,0,0,0,6.554,0.24547540147846036,0.19372937293729373,-0.38061599321842327
22.83278,72.52921,345.98,0.43,0.46,2026-04-24,846,N20,VIIRS,l,2,320.68,8.25,D,0,49,197365170,,,industrial,,,6134.9,0,0,0,6.135,0.14772158237356034,0.16881233000906617,-0.2733333333333333
23.01619,72.63089,343.51,0.44,0.46,2026-04-24,846,N20,VIIRS,l,2,316.94,7.86,D,0,96,326856794,,,industrial,,,296.99,2,3,10,0.297,0.11203549639489739,0.13558956671696487,-0.19701492537313434
23.07626,72.48165,344.1,0.43,0.46,2026-04-24,847,N20,VIIRS,l,2,318.96,6.27,D,0,396,1306312165,,,industrial,,,1514.18,0,0,1,1.514,0.2260832260832261,0.10951861660694812,-0.34115438761145
22.97655,72.56552,312.71,0.41,0.45,2026-04-24,2115,N20,VIIRS,n,2,298.03,1.76,N,2,226,730859587,,,industrial,,,351.32,1,2,7,0.351,0.1594014313597918,0.1500119246362986,-0.27650429799426934
22.9806,72.56644,318.14,0.41,0.45,2026-04-24,2115,N20,VIIRS,n,2,297.65,1.76,N,2,226,730859587,,,industrial,,,361.96,1,3,8,0.362,0.15701042873696408,0.17734294541709578,-0.30140110785272073
22.83576,72.56556,349.39,0.4,0.37,2026-04-25,828,N20,VIIRS,l,2,322.41,13.7,D,0,49,197365170,,,industrial,,,2703.22,0,0,0,2.703,0.1214356929212363,0.16047171219585013,-0.2525612472160356
22.96237,72.54801,347.21,0.4,0.37,2026-04-25,828,N20,VIIRS,l,2,321.77,21.37,D,0,19,4483635589,"Chiripal industries ,pirana",,,works,,1059.3,0,0,5,1.059,0.09298118668596238,0.07628802935330989,-0.2127659574468085
23.01382,72.33582,313.33,0.49,0.41,2026-04-26,2037,N20,VIIRS,n,2,299.05,2.05,N,0,47,196518647,,,industrial,,,494.09,1,1,2,0.494,0.5768339768339769,-0.12486228424531766,-0.5615600305888351
22.93092,72.26733,340.59,0.59,0.53,2026-04-27,750,N20,VIIRS,l,2,312.15,3.38,D,0,411,1319229897,,,industrial,,,3807.55,0,0,0,3.808,0.22567038264537512,0.17216117216117216,-0.3055198973042362
22.95882,72.54778,345.27,0.57,0.52,2026-04-27,750,N20,VIIRS,n,2,316.52,11.94,D,0,76,321136520,Piplaj,,industrial,,,1043.21,0,0,5,1.043,0.1389424106187112,0.11451398135818908,-0.25176470588235295
22.96,72.54593,341.37,0.57,0.52,2026-04-27,750,N20,VIIRS,l,2,315.54,12.1,D,0,76,321136520,Piplaj,,industrial,,,1247.26,0,0,4,1.247,0.13716012084592144,0.22837228372283722,-0.2559225892559226
23.01009,72.39418,335.66,0.58,0.7,2026-04-28,731,N20,VIIRS,l,2,308.97,4.84,D,0,416,1319844105,,,industrial,container_terminal,,1941.44,0,0,1,1.941,0.1826972010178117,0.13878080415045396,-0.3249714937286203
22.98177,72.56716,306.99,0.51,0.66,2026-04-28,2140,N20,VIIRS,n,2,295.07,2.39,N,2,226,730859587,,,industrial,,,442.54,1,3,9,0.443,0.1396309556595979,0.18075628588398338,-0.2635114503816794
23.01806,72.67479,348.11,0.55,0.51,2026-04-29,853,N20,VIIRS,n,2,312.04,9.26,D,0,53,244328441,,,industrial,,,622.45,0,1,6,0.622,0.05315904139433551,0.0718125960061444,-0.13208430913348945
23.0193,72.672,343.64,0.56,0.51,2026-04-29,853,N20,VIIRS,n,2,311.06,5.51,D,0,53,244328441,,,industrial,,,802.52,0,1,7,0.803,0.031914893617021274,0.04383031156486534,-0.09383809907370116
23.0284,72.26031,344.12,0.52,0.5,2026-04-29,853,N20,VIIRS,n,2,310.01,11.9,D,0,313,920036344,,,industrial,,,884.33,0,1,14,0.884,0.1444947209653092,0.2269763651181744,-0.24434240734667104
23.14301,72.55698,340.36,0.55,0.51,2026-04-29,853,N20,VIIRS,l,2,311.42,4.35,D,0,43,116801086,ICD Khodiyar depot,,industrial,,,2590.24,0,0,0,2.59,0.01192504258943782,0.08755760368663594,0.23699421965317918
22.9789,72.56432,311.47,0.32,0.54,2026-05-04,2127,N20,VIIRS,n,2,295.65,1.57,N,2,226,730859587,,,industrial,,,447.25,1,3,7,0.447,0.1367682762341516,0.14730878186968838,-0.27157513578756787
22.86737,72.53522,343.73,0.52,0.42,2026-05-05,840,N20,VIIRS,n,2,307.64,10.24,D,0,200,663471281,,,industrial,,,3699.31,0,0,0,3.699,0.1560369033293221,0.1342745569240012,-0.26848591549295775
23.02414,72.26765,345.41,0.38,0.43,2026-05-07,803,N20,VIIRS,n,2,312.14,7.03,D,0,298,920036329,,,,works,,670.05,0,9,25,0.67,0.231791221826809,0.00631578947368421,-0.28993788819875776
22.9559,72.34708,308.8,0.4,0.44,2026-05-07,2031,N20,VIIRS,n,2,296.17,1.04,N,0,202,663551859,,,industrial,,,6173.06,0,0,0,6.173,0.5189122373300371,-0.08417151932239281,-0.5352323838080959
22.77398,72.62425,351.39,0.44,0.62,2026-05-09,905,N20,VIIRS,n,2,308.06,5.29,D,0,181,661498578,,,industrial,,,1773.59,0,0,4,1.774,0.3011187812425613,0.060501890684083875,-0.32348668280871673
22.77813,72.62357,351.73,0.43,0.62,2026-05-09,905,N20,VIIRS,n,2,312.46,6.35,D,0,181,661498578,,,industrial,,,1479.22,0,0,5,1.479,0.2528416266734024,0.11649447809048806,-0.33118625872249063
22.80109,72.33934,341.48,0.42,0.61,2026-05-09,905,N20,VIIRS,n,2,313.0,2.34,D,0,329,920069481,,,industrial,,,846.06,0,1,2,0.846,0.17267733460711726,0.20110641067360885,-0.2938076416337286
22.97745,72.56644,309.65,0.4,0.6,2026-05-09,2133,N20,VIIRS,n,2,297.31,0.54,N,2,226,730859587,,,industrial,,,226.56,1,2,7,0.227,0.047244094488188976,0.10828025477707007,-0.1280746395250212
22.88142,72.34779,347.21,0.42,0.45,2026-05-10,846,N20,VIIRS,l,2,319.54,13.99,D,0,242,871663114,,,industrial,,,894.71,0,1,1,0.895,0.20082601961796592,0.12226415094339622,-0.33091741369444977
23.235,72.31001,346.16,0.42,0.45,2026-05-10,847,N20,VIIRS,l,2,316.38,5.15,D,0,350,973430690,Shiyapura Hydro Power Plant No.1,,industrial,,plant,3099.52,0,0,0,3.1,0.07742377526550188,0.07567964731814843,-0.1442605057303984
22.97958,72.56837,312.38,0.39,0.36,2026-05-11,2056,N20,VIIRS,n,2,300.23,0.62,N,0,226,730859587,,,industrial,,,176.84,1,3,8,0.177,0.15057283142389524,0.2052006783493499,-0.26895306859205775
23.08735,72.64814,342.11,0.57,0.52,2026-05-13,750,N20,VIIRS,n,2,308.63,4.78,D,0,68,321003786,,,industrial,,,1666.12,0,0,1,1.666,0.1314878892733564,0.15503875968992248,-0.18855065879145844
23.24856,72.34502,345.27,0.59,0.53,2026-05-13,750,N20,VIIRS,n,2,309.35,7.52,D,0,350,973430690,Shiyapura Hydro Power Plant No.1,,industrial,,plant,844.63,0,1,1,0.845,0.3239000663276586,0.004819677580189463,-0.3768682455736951
23.00257,72.43394,333.68,0.58,0.7,2026-05-14,731,N20,VIIRS,l,2,306.04,2.1,D,0,416,1319844105,,,industrial,container_terminal,,5608.17,0,0,0,5.608,0.31639135959339265,0.089764240738029,-0.42601514108740535
22.97653,72.56532,308.48,0.5,0.66,2026-05-14,2140,N20,VIIRS,n,2,295.55,0.78,N,2,226,730859587,,,industrial,,,370.66,1,2,7,0.371,0.16394716394716394,0.1246591351772497,-0.28767908309455587
23.02881,72.27522,315.29,0.48,0.65,2026-05-14,2140,N20,VIIRS,n,2,295.83,1.14,N,0,299,920036330,,,,works,,134.84,6,17,22,0.135,0.08173178458289335,0.04082397003745318,-0.14304842669047088
23.03378,72.27535,312.79,0.48,0.65,2026-05-14,2140,N20,VIIRS,n,2,295.73,0.83,N,0,211,663776377,,,industrial,,,404.42,2,11,21,0.404,0.16179896075972047,0.15550924719979162,-0.3048903199839002
22.91651,72.39276,343.67,0.53,0.5,2026-05-15,853,N20,VIIRS,l,2,315.0,7.92,D,0,135,651103919,,,industrial,,,3092.76,0,0,0,3.093,0.19815100154083204,0.09801647140702935,-0.36205990541250654
22.99721,72.47493,342.87,0.44,0.38,2026-05-16,834,N20,VIIRS,l,2,317.51,9.16,D,0,112,499625699,,,industrial,,,2446.67,0,0,0,2.447,0.2921262837580829,0.06906001644286106,-0.39107289107289106
22.89622,72.43168,311.26,0.42,0.38,2026-05-17,2043,N20,VIIRS,n,2,298.74,1.24,N,0,146,651103944,,,industrial,,,574.52,0,1,7,0.575,0.19231599395639973,0.13035264483627204,-0.29671361502347415
23.02804,72.26569,319.84,0.43,0.38,2026-05-17,2043,N20,VIIRS,n,2,298.52,1.51,N,0,313,920036344,,,industrial,,,426.59,1,4,24,0.427,0.17959527824620575,0.13535228677379482,-0.29867718728243214
23.10855,72.38129,337.78,0.47,0.48,2026-05-18,756,N20,VIIRS,n,2,281.28,2.98,D,0,433,1392931398,,,industrial,,,4323.79,0,0,0,4.324,0.2255607278882776,0.2148569879354751,-0.36058256988489545
22.77143,72.3934,348.66,0.47,0.64,2026-05-19,738,N20,VIIRS,n,2,316.61,13.22,D,0,231,871656251,,,industrial,,,4136.45,0,0,0,4.136,0.13764861294583883,0.22344454463480612,-0.26684318917328625
22.90704,72.42893,367.0,0.47,0.64,2026-05-19,738,N20,VIIRS,h,2,311.37,8.89,D,0,124,651103890,,,industrial,,,521.2,0,5,9,0.521,0.06892382103990327,0.1746031746031746,-0.13478818998716302
22.90734,72.42881,367.0,0.46,0.64,2026-05-19,738,N20,VIIRS,h,2,311.57,11.29,D,0,124,651103890,,,industrial,,,488.08,1,5,9,0.488,0.05574912891986063,0.061047412457390766,-0.12035496394897394
23.07731,72.45467,337.22,0.46,0.63,2026-05-19,738,N20,VIIRS,l,2,309.51,2.62,D,0,285,920032697,,,industrial,,,2964.09,0,0,0,2.964,0.37290552584670233,-0.13131609870740305,-0.38475368572455954
23.12602,72.52242,307.09,0.62,0.71,2026-05-19,2146,N20,VIIRS,n,2,296.65,0.88,N,0,367,1107167576,,,industrial,,,3922.1,0,0,0,3.922,0.30781010719754975,0.07874865156418555,-0.40957321386465456
23.07141,72.39342,334.64,0.33,0.56,2026-05-20,859,N20,VIIRS,l,2,306.02,1.3,D,0,314,920036345,,,industrial,,,3717.0,0,0,0,3.717,0.3058040835053911,0.10825630581231396,-0.3758762388204013
22.98005,72.5644,306.34,0.64,0.54,2026-05-20,2127,N20,VIIRS,n,2,295.51,2.5,N,2,226,730859587,,,industrial,,,484.5,1,4,8,0.484,0.11952191235059761,0.12445906179678033,-0.23667481662591688
22.77568,72.33967,338.88,0.51,0.41,2026-05-21,840,N20,VIIRS,l,2,312.97,0.91,D,0,116,542943278,Kerala GIDC,,industrial,,,905.24,0,3,11,0.905,0.04657293497363796,0.0498603909054647,-0.14629451395572665
22.83762,72.65168,343.24,0.53,0.42,2026-05-21,840,N20,VIIRS,l,2,315.81,11.67,D,0,191,661498589,,,industrial,,,2975.02,0,0,0,2.975,0.40539284053928404,0.030934444622535664,-0.4632139399806389
22.76736,72.29189,309.93,0.49,0.4,2026-05-21,2109,N20,VIIRS,n,2,297.58,0.93,N,0,155,651106993,,,industrial,,,2387.22,0,0,0,2.387,0.15594855305466238,0.2208777316236229,-0.2706921944035346
22.91299,72.44592,310.9,0.39,0.36,2026-05-22,2050,N20,VIIRS,n,2,298.49,0.68,N,0,245,871663118,,,,works,,309.83,2,6,13,0.31,0.21746880570409982,0.15613899613899615,-0.3326829268292683
23.01477,72.3363,312.2,0.39,0.36,2026-05-22,2050,N20,VIIRS,n,2,298.79,0.76,N,0,47,196518647,,,industrial,,,512.36,0,1,2,0.512,0.1383116883116883,0.05243243243243243,-0.1921115266916015
22.80524,72.28105,337.54,0.39,0.44,2026-05-23,803,N20,VIIRS,l,2,308.32,4.52,D,0,233,871656253,,,industrial,,,4996.56,0,0,0,4.997,0.19157963446475196,0.07616396761133604,-0.3305393586005831
22.88043,72.5886,334.56,0.71,0.75,2026-05-25,725,N20,VIIRS,n,2,299.93,2.49,D,0,157,653193649,,,industrial,,,363.91,2,7,12,0.364,0.36737980216241084,-0.07447577729573392,-0.451171875
22.86722,72.3024,335.37,0.42,0.61,2026-05-25,906,N20,VIIRS,n,2,304.1,1.41,D,0,242,871663114,,,industrial,,,5744.55,0,0,0,5.745,0.5053507728894173,-0.141363144608727,-0.507501786139557
22.94851,72.34847,337.81,0.42,0.61,2026-05-25,906,N20,VIIRS,l,2,308.23,4.08,D,0,330,920069485,,,,works,,6915.93,0,0,0,6.916,0.19960474308300397,0.17381244045188513,-0.3515920730349588
22.94888,72.35261,344.88,0.42,0.61,2026-05-25,906,N20,VIIRS,n,2,308.26,5.45,D,0,202,663551859,,,industrial,,,6890.51,0,0,0,6.891,0.33009956599438345,0.024344569288389514,-0.40053763440860213
23.05617,72.30385,354.04,0.42,0.61,2026-05-25,906,N20,VIIRS,n,2,308.4,8.38,D,0,273,908926071,,,,,generator,2543.45,0,0,0,2.543,0.22106604374601826,0.14776937898325182,-0.32702515578121394
22.9794,72.56454,315.95,0.4,0.6,2026-05-25,2134,N20,VIIRS,n,2,297.46,0.98,N,2,226,730859587,,,industrial,,,441.64,1,4,7,0.442,0.11763217809258791,0.1565483008781978,-0.24135993256532734
22.94755,72.34718,342.75,0.42,0.45,2026-05-26,847,N20,VIIRS,l,2,316.25,0.99,D,0,330,920069485,,,,works,,6854.71,0,0,0,6.855,0.3337631635503976,-0.03727227143573458,-0.4345815996301433
22.97136,72.29837,339.29,0.42,0.45,2026-05-26,847,N20,VIIRS,l,2,313.48,1.29,D,0,330,920069485,,,,works,,1236.52,0,0,3,1.237,0.27671097981290005,-0.012495119094103866,-0.37596179357919873
22.97887,72.56647,319.96,0.41,0.45,2026-05-26,2115,N20,VIIRS,n,2,299.42,1.2,N,2,226,730859587,,,industrial,,,236.15,1,3,7,0.236,0.04487917146144994,0.10424202564945742,-0.11365494685200327
22.81406,72.27465,344.82,0.39,0.36,2026-05-27,828,N20,VIIRS,l,2,319.21,3.15,D,0,233,871656253,,,industrial,,,6079.68,0,0,0,6.08,0.17892782548155026,0.17865804365400162,-0.30256410256410254
22.81517,72.28223,343.32,0.39,0.36,2026-05-27,828,N20,VIIRS,l,2,317.87,2.37,D,0,233,871656253,,,industrial,,,5541.87,0,0,0,5.542,0.1814876957494407,0.09596662030598054,-0.3406314453434872
22.88746,72.6228,344.81,0.4,0.37,2026-05-27,828,N20,VIIRS,l,2,319.54,8.97,D,0,158,653193650,,,industrial,,,2887.53,0,0,0,2.888,0.1722765710495772,0.11569731081926204,-0.3146150985496467
22.97866,72.56733,315.96,0.39,0.36,2026-05-27,2056,N20,VIIRS,n,2,300.19,0.54,N,2,226,730859587,,,industrial,,,146.93,1,2,7,0.147,0.0769927536231884,0.13809351214208046,-0.15943442223305704
22.97047,72.55386,316.45,0.48,0.4,2026-05-28,2038,N20,VIIRS,n,2,298.95,0.71,N,0,82,326674328,,,industrial,,,79.76,1,3,6,0.08,0.10780824785430186,0.16305551162422902,-0.2281271756788118
22.84821,72.34388,341.46,0.53,0.67,2026-05-30,912,N20,VIIRS,n,2,295.71,3.73,D,0,240,871663112,,,industrial,,,2152.14,0,0,0,2.152,0.1513816579895875,0.1449814126394052,-0.2979683972911964
23.09093,72.35571,337.41,0.54,0.68,2026-05-30,912,N20,VIIRS,n,2,295.83,2.72,D,0,314,920036345,,,industrial,,,4864.28,0,0,0,4.864,0.36442371752165226,0.05345863503312279,-0.4338389731621937
23.09496,72.35213,332.71,0.54,0.68,2026-05-30,912,N20,VIIRS,n,2,296.21,8.02,D,0,266,908926064,,,,,generator,5209.23,0,0,0,5.209,0.3028981790202616,0.14463714430038727,-0.38344226579520696
23.09537,72.35742,367.0,0.54,0.68,2026-05-30,912,N20,VIIRS,h,2,296.1,10.38,D,0,314,920036345,,,industrial,,,5307.47,0,0,0,5.307,0.1749819233550253,0.291321412996075,-0.28154574132492116
