grid_lat,grid_lon,first_detection,last_detection,total_detections,detection_days,average_frp,maximum_frp,latitude,longitude,observation_period_days,detection_frequency,persistence
22.97,72.56,2026-03-07,2026-05-27,17,16,1.1494117647058824,1.81,22.978238235294118,72.56542352941176,82,0.1951219512195122,Persistent
22.98,72.56,2026-03-10,2026-05-20,8,7,2.1225,3.52,22.9819125,72.56540125000001,72,0.09722222222222222,Persistent
22.96,72.54,2026-04-09,2026-04-27,3,3,11.353333333333333,21.37,22.96244,72.54572666666667,19,0.15789473684210525,Persistent
23.02,72.26,2026-04-29,2026-05-17,3,3,6.8133333333333335,11.9,23.02686,72.26455,19,0.15789473684210525,Persistent
22.78,72.34,2026-04-18,2026-04-20,2,2,15.385,27.49,22.78123,72.346495,3,0.6666666666666666,Non-Persistent
22.81,72.38,2026-03-23,2026-04-14,2,2,10.620000000000001,13.4,22.81701,72.38545500000001,23,0.08695652173913043,Non-Persistent
22.95,72.54,2026-03-04,2026-04-27,2,2,6.8549999999999995,11.94,22.95927,72.5476,55,0.03636363636363636,Non-Persistent
23.09,72.35,2026-04-17,2026-05-30,5,2,5.601999999999999,10.38,23.095385999999998,72.35672600000001,44,0.045454545454545456,Non-Persistent
22.95,72.4,2026-03-18,2026-03-28,2,2,5.445,6.91,22.954155,72.40496999999999,11,0.18181818181818182,Non-Persistent
22.81,72.42,2026-03-23,2026-03-26,2,2,4.6850000000000005,6.63,22.817715,72.42407,4,0.5,Non-Persistent
22.95,72.41,2026-03-17,2026-03-18,2,2,4.435,6.52,22.952620000000003,72.41155,2,1.0,Non-Persistent
22.91,72.26,2026-03-01,2026-04-07,2,2,5.595,6.01,22.914135,72.262925,38,0.05263157894736842,Non-Persistent
22.97,72.55,2026-04-23,2026-05-28,2,2,3.075,5.44,22.97204,72.556405,36,0.05555555555555555,Non-Persistent
22.94,72.34,2026-05-25,2026-05-26,2,2,2.535,4.08,22.94803,72.347825,2,1.0,Non-Persistent
23.01,72.33,2026-04-26,2026-05-22,2,2,1.4049999999999998,2.05,23.014294999999997,72.33606,27,0.07407407407407407,Non-Persistent
23.04,72.33,2026-03-28,2026-03-28,3,1,15.623333333333335,21.75,23.043403333333334,72.33626333333333,1,1.0,Non-Persistent
22.81,72.39,2026-04-14,2026-04-14,1,1,17.01,17.01,22.81947,72.39011,1,1.0,Non-Persistent
22.88,72.34,2026-05-10,2026-05-10,1,1,13.99,13.99,22.88142,72.34779,1,1.0,Non-Persistent
22.83,72.56,2026-04-25,2026-04-25,1,1,13.7,13.7,22.83576,72.56556,1,1.0,Non-Persistent
22.77,72.39,2026-05-19,2026-05-19,1,1,13.22,13.22,22.77143,72.3934,1,1.0,Non-Persistent
22.95,72.57,2026-04-21,2026-04-21,1,1,12.87,12.87,22.95614,72.57651,1,1.0,Non-Persistent
23.14,72.59,2026-04-13,2026-04-13,1,1,12.75,12.75,23.14765,72.59921,1,1.0,Non-Persistent
23.21,72.28,2026-04-05,2026-04-05,1,1,12.36,12.36,23.21997,72.28629,1,1.0,Non-Persistent
22.83,72.65,2026-05-21,2026-05-21,1,1,11.67,11.67,22.83762,72.65168,1,1.0,Non-Persistent
22.9,72.42,2026-05-19,2026-05-19,2,1,10.09,11.29,22.90719,72.42886999999999,1,1.0,Non-Persistent
23.12,72.55,2026-03-04,2026-03-04,1,1,10.64,10.64,23.12461,72.55163,1,1.0,Non-Persistent
23.15,72.59,2026-04-13,2026-04-13,1,1,10.48,10.48,23.1508,72.59597,1,1.0,Non-Persistent
23.03,72.34,2026-04-10,2026-04-10,1,1,10.27,10.27,23.03078,72.3464,1,1.0,Non-Persistent
22.86,72.53,2026-05-05,2026-05-05,1,1,10.24,10.24,22.86737,72.53522,1,1.0,Non-Persistent
23.01,72.67,2026-04-29,2026-04-29,2,1,7.385,9.26,23.01868,72.673395,1,1.0,Non-Persistent
22.99,72.47,2026-05-16,2026-05-16,1,1,9.16,9.16,22.99721,72.47493,1,1.0,Non-Persistent
22.88,72.62,2026-05-27,2026-05-27,1,1,8.97,8.97,22.88746,72.6228,1,1.0,Non-Persistent
22.85,72.52,2026-04-18,2026-04-18,2,1,8.05,8.63,22.855935000000002,72.52599000000001,1,1.0,Non-Persistent
23.05,72.3,2026-05-25,2026-05-25,1,1,8.38,8.38,23.05617,72.30385,1,1.0,Non-Persistent
22.83,72.52,2026-04-24,2026-04-24,2,1,8.25,8.25,22.832545,72.5271,1,1.0,Non-Persistent
22.91,72.39,2026-05-15,2026-05-15,1,1,7.92,7.92,22.91651,72.39276,1,1.0,Non-Persistent
22.94,72.48,2026-03-23,2026-03-23,1,1,7.92,7.92,22.94282,72.48921,1,1.0,Non-Persistent
22.94,72.49,2026-03-23,2026-03-23,2,1,7.92,7.92,22.945425,72.49322000000001,1,1.0,Non-Persistent
23.01,72.63,2026-04-24,2026-04-24,1,1,7.86,7.86,23.01619,72.63089,1,1.0,Non-Persistent
23.24,72.34,2026-05-13,2026-05-13,1,1,7.52,7.52,23.24856,72.34502,1,1.0,Non-Persistent
22.77,72.26,2026-03-27,2026-03-27,2,1,6.585,7.43,22.771715,72.26618500000001,1,1.0,Non-Persistent
23.07,72.32,2026-04-23,2026-04-23,1,1,6.86,6.86,23.07861,72.32619,1,1.0,Non-Persistent
23.08,72.32,2026-04-23,2026-04-23,1,1,6.46,6.46,23.08136,72.32452,1,1.0,Non-Persistent
22.77,72.62,2026-05-09,2026-05-09,2,1,5.82,6.35,22.776055,72.62391,1,1.0,Non-Persistent
23.07,72.48,2026-04-24,2026-04-24,1,1,6.27,6.27,23.07626,72.48165,1,1.0,Non-Persistent
23.14,72.34,2026-04-16,2026-04-16,1,1,6.1,6.1,23.14291,72.34533,1,1.0,Non-Persistent
22.8,72.51,2026-04-09,2026-04-09,1,1,5.88,5.88,22.80832,72.51103,1,1.0,Non-Persistent
22.9,72.65,2026-03-25,2026-03-25,1,1,5.74,5.74,22.90485,72.6528,1,1.0,Non-Persistent
23.18,72.43,2026-04-11,2026-04-11,1,1,5.7,5.7,23.18023,72.4329,1,1.0,Non-Persistent
22.78,72.48,2026-03-30,2026-03-30,1,1,5.51,5.51,22.7878,72.48606,1,1.0,Non-Persistent
23.03,72.45,2026-04-03,2026-04-03,1,1,5.46,5.46,23.03316,72.45387,1,1.0,Non-Persistent
22.94,72.35,2026-05-25,2026-05-25,1,1,5.45,5.45,22.94888,72.35261,1,1.0,Non-Persistent
22.87,72.69,2026-03-30,2026-03-30,1,1,5.43,5.43,22.87034,72.6946,1,1.0,Non-Persistent
22.96,72.3,2026-03-22,2026-03-22,1,1,5.42,5.42,22.96972,72.30669,1,1.0,Non-Persistent
22.91,72.27,2026-03-30,2026-03-30,1,1,5.4,5.4,22.91519,72.27989,1,1.0,Non-Persistent
23.04,72.31,2026-04-09,2026-04-09,1,1,5.38,5.38,23.04877,72.3171,1,1.0,Non-Persistent
22.79,72.49,2026-03-22,2026-03-22,2,1,4.155,5.37,22.793264999999998,72.49655,1,1.0,Non-Persistent
23.11,72.68,2026-04-06,2026-04-06,2,1,5.25,5.25,23.11109,72.68536499999999,1,1.0,Non-Persistent
23.21,72.29,2026-03-22,2026-03-22,1,1,5.22,5.22,23.21135,72.29937,1,1.0,Non-Persistent
23.23,72.31,2026-05-10,2026-05-10,1,1,5.15,5.15,23.235,72.31001,1,1.0,Non-Persistent
22.86,72.45,2026-03-08,2026-03-08,1,1,5.14,5.14,22.86525,72.4506,1,1.0,Non-Persistent
23.13,72.34,2026-03-28,2026-03-28,1,1,5.12,5.12,23.13341,72.34417,1,1.0,Non-Persistent
22.78,72.53,2026-03-17,2026-03-17,1,1,5.1,5.1,22.78164,72.53414,1,1.0,Non-Persistent
22.9,72.27,2026-03-30,2026-03-30,1,1,5.07,5.07,22.90777,72.27724,1,1.0,Non-Persistent
22.91,72.28,2026-03-30,2026-03-30,1,1,5.07,5.07,22.91181,72.28054,1,1.0,Non-Persistent
22.98,72.44,2026-03-23,2026-03-23,1,1,5.06,5.06,22.98929,72.44418,1,1.0,Non-Persistent
23.14,72.31,2026-03-28,2026-03-28,2,1,4.825,4.98,23.14593,72.31492,1,1.0,Non-Persistent
22.9,72.54,2026-03-25,2026-03-25,1,1,4.95,4.95,22.9001,72.54078,1,1.0,Non-Persistent
23.01,72.39,2026-04-28,2026-04-28,1,1,4.84,4.84,23.01009,72.39418,1,1.0,Non-Persistent
22.91,72.25,2026-03-01,2026-03-01,1,1,4.83,4.83,22.91384,72.25944,1,1.0,Non-Persistent
23.08,72.64,2026-05-13,2026-05-13,1,1,4.78,4.78,23.08735,72.64814,1,1.0,Non-Persistent
22.78,72.46,2026-03-15,2026-03-15,1,1,4.72,4.72,22.7803,72.46003,1,1.0,Non-Persistent
22.79,72.43,2026-03-16,2026-03-16,1,1,4.7,4.7,22.7951,72.43128,1,1.0,Non-Persistent
22.8,72.28,2026-05-23,2026-05-23,1,1,4.52,4.52,22.80524,72.28105,1,1.0,Non-Persistent
23.05,72.27,2026-03-27,2026-03-27,1,1,4.43,4.43,23.05063,72.27502,1,1.0,Non-Persistent
22.98,72.41,2026-04-09,2026-04-09,2,1,4.41,4.41,22.98896,72.41626,1,1.0,Non-Persistent
22.83,72.57,2026-03-29,2026-03-29,1,1,4.38,4.38,22.83125,72.57391,1,1.0,Non-Persistent
23.14,72.55,2026-04-29,2026-04-29,1,1,4.35,4.35,23.14301,72.55698,1,1.0,Non-Persistent
22.94,72.52,2026-03-31,2026-03-31,1,1,4.33,4.33,22.94102,72.52146,1,1.0,Non-Persistent
22.87,72.47,2026-04-02,2026-04-02,1,1,4.09,4.09,22.87535,72.47784,1,1.0,Non-Persistent
22.84,72.51,2026-04-02,2026-04-02,1,1,3.94,3.94,22.84739,72.51508,1,1.0,Non-Persistent
22.88,72.64,2026-03-29,2026-03-29,2,1,3.255,3.88,22.885355,72.64232,1,1.0,Non-Persistent
22.77,72.45,2026-03-15,2026-03-15,1,1,3.86,3.86,22.77944,72.45569,1,1.0,Non-Persistent
23.07,72.31,2026-04-01,2026-04-01,1,1,3.82,3.82,23.07302,72.31764,1,1.0,Non-Persistent
22.91,72.32,2026-03-09,2026-03-09,1,1,3.78,3.78,22.91593,72.32841,1,1.0,Non-Persistent
22.82,72.54,2026-03-27,2026-03-27,1,1,3.76,3.76,22.82045,72.5416,1,1.0,Non-Persistent
22.84,72.34,2026-05-30,2026-05-30,1,1,3.73,3.73,22.84821,72.34388,1,1.0,Non-Persistent
22.93,72.38,2026-03-23,2026-03-23,1,1,3.66,3.66,22.93538,72.38679,1,1.0,Non-Persistent
22.85,72.48,2026-03-29,2026-03-29,1,1,3.65,3.65,22.8515,72.48209,1,1.0,Non-Persistent
22.92,72.51,2026-04-22,2026-04-22,2,1,3.5700000000000003,3.64,22.924305,72.51637500000001,1,1.0,Non-Persistent
23.21,72.43,2026-03-27,2026-03-27,1,1,3.58,3.58,23.21547,72.43324,1,1.0,Non-Persistent
22.85,72.61,2026-03-22,2026-03-22,1,1,3.55,3.55,22.85634,72.61441,1,1.0,Non-Persistent
23.2,72.29,2026-03-22,2026-03-22,1,1,3.48,3.48,23.20924,72.2981,1,1.0,Non-Persistent
22.93,72.25,2026-04-05,2026-04-05,1,1,3.44,3.44,22.93506,72.25756,1,1.0,Non-Persistent
22.94,72.43,2026-03-23,2026-03-23,1,1,3.44,3.44,22.94121,72.43755,1,1.0,Non-Persistent
22.85,72.42,2026-04-08,2026-04-08,1,1,3.41,3.41,22.85114,72.42912,1,1.0,Non-Persistent
22.93,72.26,2026-04-27,2026-04-27,1,1,3.38,3.38,22.93092,72.26733,1,1.0,Non-Persistent
22.81,72.27,2026-05-27,2026-05-27,1,1,3.15,3.15,22.81406,72.27465,1,1.0,Non-Persistent
23.01,72.28,2026-03-27,2026-03-27,1,1,3.09,3.09,23.01342,72.28349,1,1.0,Non-Persistent
22.89,72.33,2026-04-08,2026-04-08,1,1,3.08,3.08,22.89587,72.33046,1,1.0,Non-Persistent
22.75,72.32,2026-03-21,2026-03-21,1,1,3.07,3.07,22.75499,72.32404,1,1.0,Non-Persistent
22.97,72.43,2026-03-21,2026-03-21,2,1,2.785,3.07,22.97689,72.43784500000001,1,1.0,Non-Persistent
23.02,72.59,2026-03-18,2026-03-18,1,1,3.01,3.01,23.02453,72.59813,1,1.0,Non-Persistent
23.1,72.38,2026-05-18,2026-05-18,1,1,2.98,2.98,23.10855,72.38129,1,1.0,Non-Persistent
22.89,72.5,2026-04-08,2026-04-08,1,1,2.95,2.95,22.89433,72.50488,1,1.0,Non-Persistent
23.24,72.26,2026-03-29,2026-03-29,1,1,2.82,2.82,23.24766,72.26569,1,1.0,Non-Persistent
22.86,72.52,2026-03-22,2026-03-22,1,1,2.67,2.67,22.86575,72.52106,1,1.0,Non-Persistent
23.07,72.45,2026-05-19,2026-05-19,1,1,2.62,2.62,23.07731,72.45467,1,1.0,Non-Persistent
22.99,72.54,2026-04-21,2026-04-21,1,1,2.55,2.55,22.99586,72.54735,1,1.0,Non-Persistent
23.23,72.3,2026-04-02,2026-04-02,1,1,2.55,2.55,23.23714,72.30925,1,1.0,Non-Persistent
22.92,72.27,2026-04-22,2026-04-22,1,1,2.51,2.51,22.92534,72.27306,1,1.0,Non-Persistent
22.88,72.58,2026-05-25,2026-05-25,1,1,2.49,2.49,22.88043,72.5886,1,1.0,Non-Persistent
23.24,72.43,2026-03-17,2026-03-17,1,1,2.48,2.48,23.24492,72.43323,1,1.0,Non-Persistent
22.95,72.56,2026-04-21,2026-04-21,1,1,2.46,2.46,22.95196,72.56094,1,1.0,Non-Persistent
22.97,72.3,2026-03-22,2026-03-22,1,1,2.38,2.38,22.97167,72.30365,1,1.0,Non-Persistent
22.81,72.28,2026-05-27,2026-05-27,1,1,2.37,2.37,22.81517,72.28223,1,1.0,Non-Persistent
22.91,72.33,2026-03-09,2026-03-09,1,1,2.35,2.35,22.91476,72.33144,1,1.0,Non-Persistent
22.8,72.33,2026-05-09,2026-05-09,1,1,2.34,2.34,22.80109,72.33934,1,1.0,Non-Persistent
22.85,72.43,2026-03-03,2026-03-03,1,1,2.23,2.23,22.85421,72.43613,1,1.0,Non-Persistent
22.83,72.38,2026-03-18,2026-03-18,1,1,2.16,2.16,22.83764,72.38744,1,1.0,Non-Persistent
23.0,72.43,2026-05-14,2026-05-14,1,1,2.1,2.1,23.00257,72.43394,1,1.0,Non-Persistent
22.92,72.74,2026-03-09,2026-03-09,1,1,1.74,1.74,22.92537,72.74552,1,1.0,Non-Persistent
23.02,72.61,2026-03-07,2026-03-07,1,1,1.66,1.66,23.02011,72.61412,1,1.0,Non-Persistent
22.95,72.74,2026-03-13,2026-03-13,1,1,1.65,1.65,22.95616,72.74741,1,1.0,Non-Persistent
23.16,72.27,2026-03-22,2026-03-22,1,1,1.59,1.59,23.16089,72.2728,1,1.0,Non-Persistent
22.9,72.43,2026-04-10,2026-04-10,1,1,1.49,1.49,22.90541,72.431,1,1.0,Non-Persistent
22.86,72.3,2026-05-25,2026-05-25,1,1,1.41,1.41,22.86722,72.3024,1,1.0,Non-Persistent
23.07,72.39,2026-05-20,2026-05-20,1,1,1.3,1.3,23.07141,72.39342,1,1.0,Non-Persistent
22.97,72.29,2026-05-26,2026-05-26,1,1,1.29,1.29,22.97136,72.29837,1,1.0,Non-Persistent
22.99,72.49,2026-04-10,2026-04-10,1,1,1.27,1.27,22.99735,72.49593,1,1.0,Non-Persistent
22.89,72.43,2026-05-17,2026-05-17,1,1,1.24,1.24,22.89622,72.43168,1,1.0,Non-Persistent
23.0,72.32,2026-04-01,2026-04-01,1,1,1.22,1.22,23.0004,72.32112,1,1.0,Non-Persistent
23.02,72.27,2026-05-14,2026-05-14,1,1,1.14,1.14,23.02881,72.27522,1,1.0,Non-Persistent
22.96,72.59,2026-03-14,2026-03-14,1,1,1.08,1.08,22.96043,72.59915,1,1.0,Non-Persistent
22.99,72.67,2026-03-28,2026-03-28,1,1,1.08,1.08,22.99295,72.67189,1,1.0,Non-Persistent
22.95,72.34,2026-05-07,2026-05-07,1,1,1.04,1.04,22.9559,72.34708,1,1.0,Non-Persistent
22.76,72.29,2026-05-21,2026-05-21,1,1,0.93,0.93,22.76736,72.29189,1,1.0,Non-Persistent
22.77,72.33,2026-05-21,2026-05-21,1,1,0.91,0.91,22.77568,72.33967,1,1.0,Non-Persistent
23.12,72.52,2026-05-19,2026-05-19,1,1,0.88,0.88,23.12602,72.52242,1,1.0,Non-Persistent
23.15,72.45,2026-03-25,2026-03-25,1,1,0.88,0.88,23.15413,72.45323,1,1.0,Non-Persistent
23.03,72.27,2026-05-14,2026-05-14,1,1,0.83,0.83,23.03378,72.27535,1,1.0,Non-Persistent
22.91,72.44,2026-05-22,2026-05-22,1,1,0.68,0.68,22.91299,72.44592,1,1.0,Non-Persistent
23.08,72.4,2026-04-14,2026-04-14,1,1,0.58,0.58,23.08708,72.40451,1,1.0,Non-Persistent
22.97,72.81,2026-03-20,2026-03-20,1,1,0.46,0.46,22.97388,72.81726,1,1.0,Non-Persistent
22.8,72.56,2026-03-19,2026-03-19,1,1,0.28,0.28,22.80784,72.5648,1,1.0,Non-Persistent
