event_id,latitude,longitude,acq_date,acq_time,satellite,instrument,nearest_industry_name,nearest_industry_type,nearest_landuse,nearest_man_made,nearest_power,nearest_industry_distance_km
FIRMS_0001,22.91167,72.26035,2026-03-01,859,N20,VIIRS,,,industrial,,,5.784
FIRMS_0002,22.91384,72.25944,2026-03-01,859,N20,VIIRS,,,industrial,,,5.538
FIRMS_0003,22.85421,72.43613,2026-03-03,821,N20,VIIRS,,,industrial,,,3.044
FIRMS_0004,23.12461,72.55163,2026-03-04,802,N20,VIIRS,,,industrial,,,2.39
FIRMS_0005,22.95972,72.54742,2026-03-04,2030,N20,VIIRS,Piplaj,,industrial,,,1.091
FIRMS_0006,22.97956,72.56829,2026-03-07,2114,N20,VIIRS,,,industrial,,,0.176
FIRMS_0007,23.02011,72.61412,2026-03-07,2114,N20,VIIRS,,,industrial,,,0.547
FIRMS_0008,22.86525,72.4506,2026-03-08,827,N20,VIIRS,,,industrial,,,4.201
FIRMS_0009,22.91476,72.33144,2026-03-09,808,N20,VIIRS,,,industrial,,,4.575
FIRMS_0010,22.91593,72.32841,2026-03-09,809,N20,VIIRS,,,industrial,,,4.86
FIRMS_0011,22.92537,72.74552,2026-03-09,2037,N20,VIIRS,,,industrial,,,6.588
FIRMS_0012,22.983,72.56574,2026-03-10,2018,N20,VIIRS,,,industrial,,,0.497
FIRMS_0013,22.98615,72.56622,2026-03-10,2018,N20,VIIRS,,,industrial,,,0.239
FIRMS_0014,22.97836,72.562,2026-03-11,2139,N20,VIIRS,,,industrial,,,0.645
FIRMS_0015,22.97905,72.56561,2026-03-11,2139,N20,VIIRS,,,industrial,,,0.325
FIRMS_0016,22.95616,72.74741,2026-03-13,834,N20,VIIRS,,,industrial,,,3.56
FIRMS_0017,22.96043,72.59915,2026-03-14,2043,N20,VIIRS,Reliance resin industries,,,works,,0.272
FIRMS_0018,22.77944,72.45569,2026-03-15,756,N20,VIIRS,,,industrial,,,8.19
FIRMS_0019,22.7803,72.46003,2026-03-15,756,N20,VIIRS,,,industrial,,,8.571
FIRMS_0020,22.7951,72.43128,2026-03-16,737,N20,VIIRS,,,industrial,,,5.257
FIRMS_0021,22.97734,72.56386,2026-03-16,2146,N20,VIIRS,,,industrial,,,0.488
FIRMS_0022,22.98167,72.5658,2026-03-16,2146,N20,VIIRS,,,industrial,,,0.496
FIRMS_0023,22.78164,72.53414,2026-03-17,859,N20,VIIRS,,,industrial,,,4.065
FIRMS_0024,22.95061,72.41132,2026-03-17,859,N20,VIIRS,,,industrial,,,3.909
FIRMS_0025,23.24492,72.43323,2026-03-17,859,N20,VIIRS,,,,,generator,7.487
FIRMS_0026,22.83764,72.38744,2026-03-18,840,N20,VIIRS,,,industrial,,,1.607
FIRMS_0027,22.95463,72.41178,2026-03-18,840,N20,VIIRS,,,industrial,,,4.307
FIRMS_0028,22.95612,72.40912,2026-03-18,840,N20,VIIRS,,,industrial,,,4.559
FIRMS_0029,23.02453,72.59813,2026-03-18,840,N20,VIIRS,,,industrial,,,0.769
FIRMS_0030,22.80784,72.5648,2026-03-19,2049,N20,VIIRS,,,industrial,,,2.919
FIRMS_0031,22.97388,72.81726,2026-03-20,2030,N20,VIIRS,,,industrial,,,1.365
FIRMS_0032,22.75499,72.32404,2026-03-21,744,N20,VIIRS,,,industrial,,,1.068
FIRMS_0033,22.97641,72.43799,2026-03-21,744,N20,VIIRS,,,industrial,,,3.921
FIRMS_0034,22.97737,72.4377,2026-03-21,744,N20,VIIRS,,,industrial,,,4.012
FIRMS_0035,22.79262,72.49578,2026-03-22,905,N20,VIIRS,,,industrial,,,8.169
FIRMS_0036,22.79391,72.49732,2026-03-22,905,N20,VIIRS,,,industrial,,,8.075
FIRMS_0037,22.85634,72.61441,2026-03-22,905,N20,VIIRS,,,industrial,,,1.33
FIRMS_0038,22.86575,72.52106,2026-03-22,905,N20,VIIRS,,,industrial,,,5.134
FIRMS_0039,22.96972,72.30669,2026-03-22,905,N20,VIIRS,,,,works,,2.028
FIRMS_0040,22.97167,72.30365,2026-03-22,905,N20,VIIRS,,,,works,,1.65
FIRMS_0041,23.16089,72.2728,2026-03-22,905,N20,VIIRS,,,industrial,,,8.716
FIRMS_0042,23.20924,72.2981,2026-03-22,905,N20,VIIRS,,,industrial,,,5.038
FIRMS_0043,23.21135,72.29937,2026-03-22,905,N20,VIIRS,,,industrial,,,4.963
FIRMS_0044,22.81513,72.38505,2026-03-23,846,N20,VIIRS,,,industrial,,,0.796
FIRMS_0045,22.81946,72.4229,2026-03-23,846,N20,VIIRS,,,industrial,,,4.436
FIRMS_0046,22.93538,72.38679,2026-03-23,846,N20,VIIRS,,,industrial,,,4.463
FIRMS_0047,22.94121,72.43755,2026-03-23,846,N20,VIIRS,,,,works,,1.276
FIRMS_0048,22.94282,72.48921,2026-03-23,846,N20,VIIRS,,,industrial,,,2.141
FIRMS_0049,22.9433,72.4935,2026-03-23,846,N20,VIIRS,,,industrial,,,2.376
FIRMS_0050,22.94755,72.49294,2026-03-23,846,N20,VIIRS,,,industrial,,,2.014
FIRMS_0051,22.98929,72.44418,2026-03-23,846,N20,VIIRS,,,industrial,,,4.303
FIRMS_0052,22.97839,72.56555,2026-03-23,2114,N20,VIIRS,,,industrial,,,0.313
FIRMS_0053,22.9001,72.54078,2026-03-25,809,N20,VIIRS,,,industrial,,,3.707
FIRMS_0054,22.90485,72.6528,2026-03-25,809,N20,VIIRS,,,industrial,,,2.001
FIRMS_0055,23.15413,72.45323,2026-03-25,2037,N20,VIIRS,,,,works,,0.434
FIRMS_0056,22.81597,72.42524,2026-03-26,750,N20,VIIRS,,,industrial,,,4.568
FIRMS_0057,22.77055,72.26617,2026-03-27,731,N20,VIIRS,,,industrial,,,4.722
FIRMS_0058,22.77288,72.2662,2026-03-27,731,N20,VIIRS,,,industrial,,,4.843
FIRMS_0059,22.82045,72.5416,2026-03-27,912,N20,VIIRS,,,industrial,,,4.775
FIRMS_0060,23.01342,72.28349,2026-03-27,912,N20,VIIRS,,,,works,,0.923
FIRMS_0061,23.05063,72.27502,2026-03-27,912,N20,VIIRS,,,industrial,,,1.772
FIRMS_0062,23.21547,72.43324,2026-03-27,912,N20,VIIRS,,,,,generator,4.254
FIRMS_0063,22.98062,72.56441,2026-03-27,2139,N20,VIIRS,,,industrial,,,0.516
FIRMS_0064,22.95219,72.40082,2026-03-28,853,N20,VIIRS,,,industrial,,,4.582
FIRMS_0065,23.0425,72.33364,2026-03-28,853,N20,VIIRS,,,industrial,,,2.41
FIRMS_0066,23.04304,72.33891,2026-03-28,853,N20,VIIRS,,,industrial,,,2.671
FIRMS_0067,23.04467,72.33624,2026-03-28,853,N20,VIIRS,,,industrial,,,2.724
FIRMS_0068,23.13341,72.34417,2026-03-28,853,N20,VIIRS,,,industrial,,,5.612
FIRMS_0069,23.14455,72.31611,2026-03-28,853,N20,VIIRS,,,industrial,,,6.006
FIRMS_0070,23.14731,72.31373,2026-03-28,853,N20,VIIRS,,,industrial,,,5.98
FIRMS_0071,22.99295,72.67189,2026-03-28,2121,N20,VIIRS,Vastral Bus Depot,bus_depot,industrial,,,2.177
FIRMS_0072,22.83125,72.57391,2026-03-29,834,N20,VIIRS,,,industrial,,,1.711
FIRMS_0073,22.8515,72.48209,2026-03-29,834,N20,VIIRS,Shri Raj meatal,,,works,,7.392
FIRMS_0074,22.88402,72.64179,2026-03-29,834,N20,VIIRS,,,industrial,,,3.683
FIRMS_0075,22.88669,72.64285,2026-03-29,834,N20,VIIRS,,,industrial,,,3.438
FIRMS_0076,23.24766,72.26569,2026-03-29,834,N20,VIIRS,Shiyapura Hydro Power Plant No.1,,industrial,,plant,7.505
FIRMS_0077,22.7878,72.48606,2026-03-30,815,N20,VIIRS,,,industrial,,,8.949
FIRMS_0078,22.87034,72.6946,2026-03-30,815,N20,VIIRS,,,industrial,,,4.194
FIRMS_0079,22.90777,72.27724,2026-03-30,815,N20,VIIRS,,,industrial,,,6.562
FIRMS_0080,22.91181,72.28054,2026-03-30,815,N20,VIIRS,,,industrial,,,6.268
FIRMS_0081,22.91519,72.27989,2026-03-30,815,N20,VIIRS,,,industrial,,,5.898
FIRMS_0082,22.94102,72.52146,2026-03-31,756,N20,VIIRS,,,industrial,,,3.298
FIRMS_0083,23.0004,72.32112,2026-04-01,737,N20,VIIRS,,,industrial,,,2.318
FIRMS_0084,23.07302,72.31764,2026-04-01,738,N20,VIIRS,Canal Solar Power Project,,,,plant,1.922
FIRMS_0085,22.84739,72.51508,2026-04-02,859,N20,VIIRS,,,industrial,,,6.554
FIRMS_0086,22.87535,72.47784,2026-04-02,859,N20,VIIRS,Shri Raj meatal,,,works,,5.21
FIRMS_0087,23.23714,72.30925,2026-04-02,859,N20,VIIRS,Shiyapura Hydro Power Plant No.1,,industrial,,plant,3.112
FIRMS_0088,23.03316,72.45387,2026-04-03,840,N20,VIIRS,,,industrial,,,2.456
FIRMS_0089,22.93506,72.25756,2026-04-05,803,N20,VIIRS,,,industrial,,,3.18
FIRMS_0090,23.21997,72.28629,2026-04-05,803,N20,VIIRS,Shiyapura Hydro Power Plant No.1,,industrial,,plant,5.98
FIRMS_0091,23.11073,72.68373,2026-04-06,744,N20,VIIRS,,,industrial,,,1.924
FIRMS_0092,23.11145,72.687,2026-04-06,744,N20,VIIRS,,,industrial,,,2.218
FIRMS_0093,22.9166,72.2655,2026-04-07,905,N20,VIIRS,,,industrial,,,5.307
FIRMS_0094,22.98144,72.56304,2026-04-07,2133,N20,VIIRS,,,industrial,,,0.684
FIRMS_0095,22.85114,72.42912,2026-04-08,846,N20,VIIRS,,,industrial,,,2.634
FIRMS_0096,22.89433,72.50488,2026-04-08,846,N20,VIIRS,,,,works,,6.142
FIRMS_0097,22.89587,72.33046,2026-04-08,846,N20,VIIRS,,,industrial,,,3.161
FIRMS_0098,22.97749,72.56292,2026-04-08,2115,N20,VIIRS,,,industrial,,,0.582
FIRMS_0099,22.80832,72.51103,2026-04-09,828,N20,VIIRS,,,industrial,,,7.655
FIRMS_0100,22.98868,72.41434,2026-04-09,828,N20,VIIRS,,,industrial,container_terminal,,5.059
FIRMS_0101,22.98924,72.41818,2026-04-09,828,N20,VIIRS,,,industrial,container_terminal,,5.253
FIRMS_0102,23.04877,72.3171,2026-04-09,828,N20,VIIRS,,,industrial,,,2.653
FIRMS_0103,22.96495,72.54324,2026-04-09,2056,N20,VIIRS,,,industrial,,,1.326
FIRMS_0104,23.03078,72.3464,2026-04-10,809,N20,VIIRS,,,,,generator,2.102
FIRMS_0105,22.90541,72.431,2026-04-10,2037,N20,VIIRS,esdee paints near,,,works,,0.605
FIRMS_0106,22.99735,72.49593,2026-04-10,2037,N20,VIIRS,Rekson Rediator,,,works,,1.112
FIRMS_0107,23.18023,72.4329,2026-04-11,750,N20,VIIRS,,,,,generator,0.845
FIRMS_0108,23.14765,72.59921,2026-04-13,853,N20,VIIRS,,,industrial,,,2.474
FIRMS_0109,23.1508,72.59597,2026-04-13,853,N20,VIIRS,,,industrial,,,2.831
FIRMS_0110,22.81889,72.38586,2026-04-14,834,N20,VIIRS,,,industrial,,,1.179
FIRMS_0111,22.81947,72.39011,2026-04-14,834,N20,VIIRS,,,industrial,,,1.502
FIRMS_0112,23.08708,72.40451,2026-04-14,2102,N20,VIIRS,,,industrial,,,4.266
FIRMS_0113,23.14291,72.34533,2026-04-16,756,N20,VIIRS,,,industrial,,,4.566
FIRMS_0114,23.09766,72.35985,2026-04-17,738,N20,VIIRS,,,industrial,,,5.518
FIRMS_0115,23.09801,72.35852,2026-04-17,738,N20,VIIRS,,,industrial,,,5.576
FIRMS_0116,22.78016,72.34639,2026-04-18,859,N20,VIIRS,,,industrial,,,0.884
FIRMS_0117,22.85525,72.52629,2026-04-18,859,N20,VIIRS,,,industrial,,,5.117
FIRMS_0118,22.85662,72.52569,2026-04-18,859,N20,VIIRS,,,industrial,,,5.093
FIRMS_0119,22.97871,72.56477,2026-04-18,2127,N20,VIIRS,,,industrial,,,0.398
FIRMS_0120,22.7823,72.3466,2026-04-20,821,N20,VIIRS,,,industrial,,,1.11
FIRMS_0121,22.97903,72.56763,2026-04-20,2049,N20,VIIRS,,,industrial,,,0.15
FIRMS_0122,22.95614,72.57651,2026-04-21,803,N20,VIIRS,,,industrial,,,0.991
FIRMS_0123,22.95196,72.56094,2026-04-21,2031,N20,VIIRS,Piplaj,,industrial,,,0.753
FIRMS_0124,22.99586,72.54735,2026-04-21,2031,N20,VIIRS,,,industrial,,,1.017
FIRMS_0125,22.92417,72.51684,2026-04-22,744,N20,VIIRS,,,industrial,,,4.062
FIRMS_0126,22.92444,72.51591,2026-04-22,744,N20,VIIRS,,,industrial,,,4.139
FIRMS_0127,22.92534,72.27306,2026-04-22,744,N20,VIIRS,,,industrial,,,4.588
FIRMS_0128,22.97361,72.55895,2026-04-23,905,N20,VIIRS,,,industrial,,,0.078
FIRMS_0129,23.07861,72.32619,2026-04-23,905,N20,VIIRS,,,,,generator,2.475
FIRMS_0130,23.08136,72.32452,2026-04-23,905,N20,VIIRS,,,,,generator,2.251
FIRMS_0131,22.97618,72.56326,2026-04-23,2133,N20,VIIRS,,,industrial,,,0.525
FIRMS_0132,22.83231,72.52499,2026-04-24,846,N20,VIIRS,,,industrial,,,6.554
FIRMS_0133,22.83278,72.52921,2026-04-24,846,N20,VIIRS,,,industrial,,,6.135
FIRMS_0134,23.01619,72.63089,2026-04-24,846,N20,VIIRS,,,industrial,,,0.297
FIRMS_0135,23.07626,72.48165,2026-04-24,847,N20,VIIRS,,,industrial,,,1.514
FIRMS_0136,22.97655,72.56552,2026-04-24,2115,N20,VIIRS,,,industrial,,,0.351
FIRMS_0137,22.9806,72.56644,2026-04-24,2115,N20,VIIRS,,,industrial,,,0.362
FIRMS_0138,22.83576,72.56556,2026-04-25,828,N20,VIIRS,,,industrial,,,2.703
FIRMS_0139,22.96237,72.54801,2026-04-25,828,N20,VIIRS,"Chiripal industries ,pirana",,,works,,1.059
FIRMS_0140,23.01382,72.33582,2026-04-26,2037,N20,VIIRS,,,industrial,,,0.494
FIRMS_0141,22.93092,72.26733,2026-04-27,750,N20,VIIRS,,,industrial,,,3.808
FIRMS_0142,22.95882,72.54778,2026-04-27,750,N20,VIIRS,Piplaj,,industrial,,,1.043
FIRMS_0143,22.96,72.54593,2026-04-27,750,N20,VIIRS,Piplaj,,industrial,,,1.247
FIRMS_0144,23.01009,72.39418,2026-04-28,731,N20,VIIRS,,,industrial,container_terminal,,1.941
FIRMS_0145,22.98177,72.56716,2026-04-28,2140,N20,VIIRS,,,industrial,,,0.443
FIRMS_0146,23.01806,72.67479,2026-04-29,853,N20,VIIRS,,,industrial,,,0.622
FIRMS_0147,23.0193,72.672,2026-04-29,853,N20,VIIRS,,,industrial,,,0.803
FIRMS_0148,23.0284,72.26031,2026-04-29,853,N20,VIIRS,,,industrial,,,0.884
FIRMS_0149,23.14301,72.55698,2026-04-29,853,N20,VIIRS,ICD Khodiyar depot,,industrial,,,2.59
FIRMS_0150,22.9789,72.56432,2026-05-04,2127,N20,VIIRS,,,industrial,,,0.447
FIRMS_0151,22.86737,72.53522,2026-05-05,840,N20,VIIRS,,,industrial,,,3.699
FIRMS_0152,23.02414,72.26765,2026-05-07,803,N20,VIIRS,,,,works,,0.67
FIRMS_0153,22.9559,72.34708,2026-05-07,2031,N20,VIIRS,,,industrial,,,6.173
FIRMS_0154,22.77398,72.62425,2026-05-09,905,N20,VIIRS,,,industrial,,,1.774
FIRMS_0155,22.77813,72.62357,2026-05-09,905,N20,VIIRS,,,industrial,,,1.479
FIRMS_0156,22.80109,72.33934,2026-05-09,905,N20,VIIRS,,,industrial,,,0.846
FIRMS_0157,22.97745,72.56644,2026-05-09,2133,N20,VIIRS,,,industrial,,,0.227
FIRMS_0158,22.88142,72.34779,2026-05-10,846,N20,VIIRS,,,industrial,,,0.895
FIRMS_0159,23.235,72.31001,2026-05-10,847,N20,VIIRS,Shiyapura Hydro Power Plant No.1,,industrial,,plant,3.1
FIRMS_0160,22.97958,72.56837,2026-05-11,2056,N20,VIIRS,,,industrial,,,0.177
FIRMS_0161,23.08735,72.64814,2026-05-13,750,N20,VIIRS,,,industrial,,,1.666
FIRMS_0162,23.24856,72.34502,2026-05-13,750,N20,VIIRS,Shiyapura Hydro Power Plant No.1,,industrial,,plant,0.845
FIRMS_0163,23.00257,72.43394,2026-05-14,731,N20,VIIRS,,,industrial,container_terminal,,5.608
FIRMS_0164,22.97653,72.56532,2026-05-14,2140,N20,VIIRS,,,industrial,,,0.371
FIRMS_0165,23.02881,72.27522,2026-05-14,2140,N20,VIIRS,,,,works,,0.135
FIRMS_0166,23.03378,72.27535,2026-05-14,2140,N20,VIIRS,,,industrial,,,0.404
FIRMS_0167,22.91651,72.39276,2026-05-15,853,N20,VIIRS,,,industrial,,,3.093
FIRMS_0168,22.99721,72.47493,2026-05-16,834,N20,VIIRS,,,industrial,,,2.447
FIRMS_0169,22.89622,72.43168,2026-05-17,2043,N20,VIIRS,,,industrial,,,0.575
FIRMS_0170,23.02804,72.26569,2026-05-17,2043,N20,VIIRS,,,industrial,,,0.427
FIRMS_0171,23.10855,72.38129,2026-05-18,756,N20,VIIRS,,,industrial,,,4.324
FIRMS_0172,22.77143,72.3934,2026-05-19,738,N20,VIIRS,,,industrial,,,4.136
FIRMS_0173,22.90704,72.42893,2026-05-19,738,N20,VIIRS,,,industrial,,,0.521
FIRMS_0174,22.90734,72.42881,2026-05-19,738,N20,VIIRS,,,industrial,,,0.488
FIRMS_0175,23.07731,72.45467,2026-05-19,738,N20,VIIRS,,,industrial,,,2.964
FIRMS_0176,23.12602,72.52242,2026-05-19,2146,N20,VIIRS,,,industrial,,,3.922
FIRMS_0177,23.07141,72.39342,2026-05-20,859,N20,VIIRS,,,industrial,,,3.717
FIRMS_0178,22.98005,72.5644,2026-05-20,2127,N20,VIIRS,,,industrial,,,0.484
FIRMS_0179,22.77568,72.33967,2026-05-21,840,N20,VIIRS,Kerala GIDC,,industrial,,,0.905
FIRMS_0180,22.83762,72.65168,2026-05-21,840,N20,VIIRS,,,industrial,,,2.975
FIRMS_0181,22.76736,72.29189,2026-05-21,2109,N20,VIIRS,,,industrial,,,2.387
FIRMS_0182,22.91299,72.44592,2026-05-22,2050,N20,VIIRS,,,,works,,0.31
FIRMS_0183,23.01477,72.3363,2026-05-22,2050,N20,VIIRS,,,industrial,,,0.512
FIRMS_0184,22.80524,72.28105,2026-05-23,803,N20,VIIRS,,,industrial,,,4.997
FIRMS_0185,22.88043,72.5886,2026-05-25,725,N20,VIIRS,,,industrial,,,0.364
FIRMS_0186,22.86722,72.3024,2026-05-25,906,N20,VIIRS,,,industrial,,,5.745
FIRMS_0187,22.94851,72.34847,2026-05-25,906,N20,VIIRS,,,,works,,6.916
FIRMS_0188,22.94888,72.35261,2026-05-25,906,N20,VIIRS,,,industrial,,,6.891
FIRMS_0189,23.05617,72.30385,2026-05-25,906,N20,VIIRS,,,,,generator,2.543
FIRMS_0190,22.9794,72.56454,2026-05-25,2134,N20,VIIRS,,,industrial,,,0.442
FIRMS_0191,22.94755,72.34718,2026-05-26,847,N20,VIIRS,,,,works,,6.855
FIRMS_0192,22.97136,72.29837,2026-05-26,847,N20,VIIRS,,,,works,,1.237
FIRMS_0193,22.97887,72.56647,2026-05-26,2115,N20,VIIRS,,,industrial,,,0.236
FIRMS_0194,22.81406,72.27465,2026-05-27,828,N20,VIIRS,,,industrial,,,6.08
FIRMS_0195,22.81517,72.28223,2026-05-27,828,N20,VIIRS,,,industrial,,,5.542
FIRMS_0196,22.88746,72.6228,2026-05-27,828,N20,VIIRS,,,industrial,,,2.888
FIRMS_0197,22.97866,72.56733,2026-05-27,2056,N20,VIIRS,,,industrial,,,0.147
FIRMS_0198,22.97047,72.55386,2026-05-28,2038,N20,VIIRS,,,industrial,,,0.08
FIRMS_0199,22.84821,72.34388,2026-05-30,912,N20,VIIRS,,,industrial,,,2.152
FIRMS_0200,23.09093,72.35571,2026-05-30,912,N20,VIIRS,,,industrial,,,4.864
FIRMS_0201,23.09496,72.35213,2026-05-30,912,N20,VIIRS,,,,,generator,5.209
FIRMS_0202,23.09537,72.35742,2026-05-30,912,N20,VIIRS,,,industrial,,,5.307
